=== SCRAPE START 2026-05-10T11:42:32+02:00 ===
/home/ls-win/miniconda3/envs/venv_rl/lib/python3.13/site-packages/openpyxl/styles/stylesheet.py:237: UserWarning: Workbook contains no default style, apply openpyxl's default
  warn("Workbook contains no default style, apply openpyxl's default")
[init] 6698 boreholes in scope (mode=composite_las, out=data/nlog/nlog_scrape)
[init] 0 already done, 6698 to fetch
[step 1] resolving 6698 codes to BOREHOLE_DBK...
  resolved   200/6698
  resolved   400/6698
  resolved   600/6698
  resolved   800/6698
  resolved  1000/6698
  resolved  1200/6698
  resolved  1400/6698
  resolved  1600/6698
  resolved  1800/6698
  resolved  2000/6698
  resolved  2200/6698
  resolved  2400/6698
  resolved  2600/6698
  resolved  2800/6698
  resolved  3000/6698
  resolved  3200/6698
  resolved  3400/6698
  resolved  3600/6698
  resolved  3800/6698
  resolved  4000/6698
  resolved  4200/6698
  resolved  4400/6698
  resolved  4600/6698
  resolved  4800/6698
  resolved  5000/6698
  resolved  5200/6698
  resolved  5400/6698
  resolved  5600/6698
  resolved  5800/6698
  resolved  6000/6698
  resolved  6200/6698
  resolved  6400/6698
  resolved  6600/6698
  resolved  6698/6698
[step 1] matched 6680/6698
[step 2] fetching with 20 workers (LAS + details + strat + dirsurvey per borehole)...
  [   15/6698] A08-01         success  LAS=1 (2.80 MB) json=DSD strat_intervals=0
  [   21/6698] A05-01         success  LAS=1 (3.35 MB) json=DSD strat_intervals=0
  [   22/6698] A12-01         success  LAS=2 (5.49 MB) json=DSD strat_intervals=0
  [   23/6698] A15-03         success  LAS=1 (1.06 MB) json=DSD strat_intervals=0
  [   24/6698] A14-02         success  LAS=1 (2.26 MB) json=DSD strat_intervals=0
  [   26/6698] A12-02         success  LAS=3 (4.32 MB) json=DSD strat_intervals=0
  [   27/6698] A15-04-S1      success  LAS=1 (0.73 MB) json=DSD strat_intervals=0
  [   28/6698] A15-04         success  LAS=1 (0.88 MB) json=DSD strat_intervals=0
  [   29/6698] A12-03         success  LAS=3 (2.13 MB) json=DSD strat_intervals=0
  [   32/6698] A18-02         success  LAS=1 (1.15 MB) json=DSD strat_intervals=0
  [   36/6698] A11-01         success  LAS=3 (7.73 MB) json=DSD strat_intervals=0
  [   38/6698] A16-01         success  LAS=3 (5.04 MB) json=DSD strat_intervals=0
  [   40/6698] A15-02         success  LAS=3 (2.59 MB) json=DSD strat_intervals=0
  [   41/6698] A18-02-S2      success  LAS=3 (0.45 MB) json=DSD strat_intervals=0
  [   42/6698] A18-02-S1      success  LAS=3 (2.00 MB) json=DSD strat_intervals=0
  [   45/6698] A15-01         success  LAS=3 (7.72 MB) json=DSD strat_intervals=0
  [   46/6698] A14-01         success  LAS=4 (7.07 MB) json=DSD strat_intervals=0
  [   47/6698] ADK-GT-02      success  LAS=1 (0.95 MB) json=DSD strat_intervals=0
  [   48/6698] ADK-GT-01-S1   success  LAS=1 (0.52 MB) json=DSD strat_intervals=0
  [   49/6698] A17-01         success  LAS=3 (7.22 MB) json=DSD strat_intervals=0
  [   50/6698] ADK-GT-03      success  LAS=1 (0.96 MB) json=DSD strat_intervals=0
  [   51/6698] ADK-GT-04      success  LAS=1 (0.91 MB) json=DSD strat_intervals=0
  [   52/6698] A18-01         success  LAS=3 (8.45 MB) json=DSD strat_intervals=0
  [   55/6698] AKM-05         success  LAS=2 (1.49 MB) json=DSD strat_intervals=0
  [   56/6698] AKM-03         success  LAS=2 (1.69 MB) json=DSD strat_intervals=0
  [   57/6698] AKM-04         success  LAS=2 (1.65 MB) json=DSD strat_intervals=0
  [   60/6698] AKM-07         success  LAS=2 (1.12 MB) json=DSD strat_intervals=0
  [   61/6698] AKM-08         success  LAS=2 (0.67 MB) json=DSD strat_intervals=0
  [   62/6698] AKM-10-S1      success  LAS=2 (0.63 MB) json=DSD strat_intervals=0
  [   63/6698] AKM-13         success  LAS=1 (1.80 MB) json=DSD strat_intervals=0
  [   64/6698] AKM-06         success  LAS=3 (1.14 MB) json=DSD strat_intervals=0
  [   65/6698] ALD-01         success  LAS=1 (0.34 MB) json=DSD strat_intervals=0
  [   66/6698] AKM-01         success  LAS=4 (2.59 MB) json=DSD strat_intervals=0
  [   67/6698] AKM-15         success  LAS=2 (1.48 MB) json=DSD strat_intervals=0
  [   68/6698] AKM-14-S1      success  LAS=2 (1.35 MB) json=DSD strat_intervals=0
  [   69/6698] AKM-16         success  LAS=2 (1.79 MB) json=DSD strat_intervals=0
  [   70/6698] AKM-11         success  LAS=2 (2.86 MB) json=DSD strat_intervals=0
  [   72/6698] AKM-02         success  LAS=4 (3.45 MB) json=DSD strat_intervals=0
  [   74/6698] AKM-17         success  LAS=3 (3.24 MB) json=DSD strat_intervals=0
  [   77/6698] AME-01         success  LAS=1 (0.55 MB) json=DSD strat_intervals=0
  [   82/6698] ALM-01         success  LAS=2 (1.64 MB) json=DSD strat_intervals=0
  [   83/6698] AME-02-S1      success  LAS=1 (0.53 MB) json=DSD strat_intervals=0
  [   84/6698] ALK-01         success  LAS=3 (3.57 MB) json=DSD strat_intervals=0
  [   85/6698] ALO-01-S1      success  LAS=2 (3.07 MB) json=DSD strat_intervals=0
  [   89/6698] ALE-01         success  LAS=4 (2.00 MB) json=DSD strat_intervals=0
  [   90/6698] AME-101        success  LAS=2 (3.61 MB) json=DSD strat_intervals=0
  [   91/6698] AME-201        success  LAS=1 (0.48 MB) json=DSD strat_intervals=0
  [   95/6698] AME-104        success  LAS=1 (3.33 MB) json=DSD strat_intervals=0
  [   97/6698] AME-103-S1     success  LAS=2 (3.84 MB) json=DSD strat_intervals=0
  [   98/6698] AME-202-S1     success  LAS=1 (0.48 MB) json=DSD strat_intervals=0
  [  100/6698] progress
  [  101/6698] AME-103        success  LAS=2 (4.20 MB) json=DSD strat_intervals=0
  [  103/6698] AME-106        success  LAS=1 (2.89 MB) json=DSD strat_intervals=0
  [  105/6698] AME-203        success  LAS=1 (1.19 MB) json=DSD strat_intervals=0
  [  109/6698] AMN-01         success  LAS=1 (0.53 MB) json=DSD strat_intervals=0
  [  111/6698] AML-02         success  LAS=1 (0.50 MB) json=DSD strat_intervals=0
  [  113/6698] AMN-02         success  LAS=1 (0.20 MB) json=DSD strat_intervals=0
  [  114/6698] AMN-03-S1      success  LAS=1 (0.51 MB) json=DSD strat_intervals=0
  [  115/6698] AMO-01         success  LAS=1 (0.16 MB) json=DSD strat_intervals=0
  [  116/6698] AMO-02         success  LAS=1 (0.15 MB) json=DSD strat_intervals=0
  [  118/6698] AMO-04         success  LAS=1 (0.47 MB) json=DSD strat_intervals=0
  [  125/6698] AMR-12-S1      success  LAS=1 (2.34 MB) json=DSD strat_intervals=0
  [  127/6698] ANA-01         success  LAS=2 (1.93 MB) json=DSD strat_intervals=0
  [  137/6698] AMR-01         success  LAS=2 (2.51 MB) json=DSD strat_intervals=0
  [  143/6698] AMS-01         success  LAS=1 (5.97 MB) json=DSD strat_intervals=0
  [  149/6698] ANJ-01         success  LAS=2 (4.61 MB) json=DSD strat_intervals=0
  [  150/6698] progress
  [  153/6698] AMR-12         success  LAS=1 (2.83 MB) json=DSD strat_intervals=0
  [  154/6698] AND-06         success  LAS=2 (2.98 MB) json=DSD strat_intervals=0
  [  160/6698] ANN-01         success  LAS=1 (0.39 MB) json=DSD strat_intervals=0
  [  165/6698] ANL-01         success  LAS=2 (2.62 MB) json=DSD strat_intervals=0
  [  167/6698] ANS-01         success  LAS=1 (0.37 MB) json=DSD strat_intervals=0
  [  168/6698] ANJ-03         success  LAS=1 (4.67 MB) json=DSD strat_intervals=0
  [  169/6698] ANN-05         success  LAS=1 (2.59 MB) json=DSD strat_intervals=0
  [  173/6698] ANV-03         success  LAS=1 (0.39 MB) json=DSD strat_intervals=0
  [  174/6698] ANV-01         success  LAS=2 (2.54 MB) json=DSD strat_intervals=0
  [  176/6698] ANV-02-S2      success  LAS=1 (0.79 MB) json=DSD strat_intervals=0
  [  184/6698] ARV-01         success  LAS=2 (2.19 MB) json=DSD strat_intervals=0
  [  187/6698] APS-01         success  LAS=3 (3.34 MB) json=DSD strat_intervals=0
  [  188/6698] APN-01         success  LAS=4 (2.02 MB) json=DSD strat_intervals=0
  [  192/6698] AST-GT-02      success  LAS=1 (0.86 MB) json=DSD strat_intervals=0
  [  194/6698] AWG-01         success  LAS=1 (0.43 MB) json=DSD strat_intervals=0
  [  196/6698] AWG-102        success  LAS=1 (3.72 MB) json=DSD strat_intervals=0
  [  198/6698] ASD-01         success  LAS=2 (11.87 MB) json=DSD strat_intervals=0
  [  200/6698] progress
  [  201/6698] ASN-01         success  LAS=2 (3.89 MB) json=DSD strat_intervals=0
  [  209/6698] AWG-107        success  LAS=1 (1.52 MB) json=DSD strat_intervals=0
  [  212/6698] B10-02         success  LAS=1 (0.60 MB) json=DSD strat_intervals=0
  [  214/6698] B10-03-S1      success  LAS=1 (0.49 MB) json=DSD strat_intervals=0
  [  220/6698] B10-02-S1      success  LAS=2 (3.89 MB) json=DSD strat_intervals=0
  [  221/6698] B10-03         success  LAS=2 (1.36 MB) json=DSD strat_intervals=0
  [  224/6698] B13-03         success  LAS=2 (1.19 MB) json=DSD strat_intervals=0
  [  226/6698] B13-04         success  LAS=2 (0.78 MB) json=DSD strat_intervals=0
  [  228/6698] B13-01         success  LAS=3 (5.39 MB) json=DSD strat_intervals=0
  [  229/6698] B13-02         success  LAS=3 (4.92 MB) json=DSD strat_intervals=0
  [  231/6698] BAC-01         success  LAS=1 (0.29 MB) json=DSD strat_intervals=0
  [  232/6698] B18-06         success  LAS=1 (1.45 MB) json=DSD strat_intervals=0
  [  233/6698] B17-06         success  LAS=1 (0.66 MB) json=DSD strat_intervals=0
  [  234/6698] B17-03         success  LAS=2 (2.29 MB) json=DSD strat_intervals=0
  [  236/6698] BAR-NE-01      success  LAS=1 (0.54 MB) json=DSD strat_intervals=0
  [  237/6698] B17-01         success  LAS=2 (2.88 MB) json=DSD strat_intervals=0
  [  239/6698] B14-02         success  LAS=3 (7.86 MB) json=DSD strat_intervals=0
  [  240/6698] B14-01         success  LAS=3 (5.25 MB) json=DSD strat_intervals=0
  [  241/6698] B14-03         success  LAS=2 (2.99 MB) json=DSD strat_intervals=0
  [  242/6698] B17-05         success  LAS=2 (1.06 MB) json=DSD strat_intervals=0
  [  248/6698] B17-02         success  LAS=2 (6.66 MB) json=DSD strat_intervals=0
  [  249/6698] B18-02         success  LAS=3 (3.91 MB) json=DSD strat_intervals=0
  [  250/6698] progress
  [  251/6698] B17-04         success  LAS=2 (6.27 MB) json=DSD strat_intervals=0
  [  253/6698] BDK-01-S2      success  LAS=1 (0.45 MB) json=DSD strat_intervals=0
  [  256/6698] B16-01         success  LAS=2 (0.91 MB) json=DSD strat_intervals=0
  [  261/6698] BDM-01         success  LAS=1 (0.46 MB) json=DSD strat_intervals=0
  [  262/6698] B18-03         success  LAS=3 (4.88 MB) json=DSD strat_intervals=0
  [  264/6698] BDM-03         success  LAS=1 (2.49 MB) json=DSD strat_intervals=0
  [  265/6698] BDM-02         success  LAS=2 (3.28 MB) json=DSD strat_intervals=0
  [  266/6698] BER-01-A-S1    success  LAS=1 (0.76 MB) json=DSD strat_intervals=0
  [  269/6698] BER-02         success  LAS=1 (1.38 MB) json=DSD strat_intervals=0
  [  271/6698] BER-03         success  LAS=1 (2.58 MB) json=DSD strat_intervals=0
  [  272/6698] BER-04         success  LAS=1 (2.32 MB) json=DSD strat_intervals=0
  [  275/6698] BGM-02         success  LAS=1 (1.89 MB) json=DSD strat_intervals=0
  [  276/6698] BER-01-A       success  LAS=2 (2.35 MB) json=DSD strat_intervals=0
  [  279/6698] BGM-06         success  LAS=1 (1.02 MB) json=DSD strat_intervals=0
  [  280/6698] BGM-04         success  LAS=1 (2.49 MB) json=DSD strat_intervals=0
  [  281/6698] BGM-05         success  LAS=1 (1.12 MB) json=DSD strat_intervals=0
  [  282/6698] BGM-03         success  LAS=1 (2.44 MB) json=DSD strat_intervals=0
  [  284/6698] BDK-01-S3      success  LAS=5 (4.09 MB) json=DSD strat_intervals=0
  [  285/6698] BGM-06-S1      success  LAS=1 (0.98 MB) json=DSD strat_intervals=0
  [  288/6698] BGM-08         success  LAS=1 (1.96 MB) json=DSD strat_intervals=0
  [  294/6698] BGM-14         success  LAS=1 (0.12 MB) json=DSD strat_intervals=0
  [  295/6698] BGM-01         success  LAS=3 (4.50 MB) json=DSD strat_intervals=0
  [  300/6698] BGM-07         success  LAS=3 (5.60 MB) json=DSD strat_intervals=0
  [  305/6698] BGM-19         success  LAS=1 (0.12 MB) json=DSD strat_intervals=0
  [  306/6698] BHG-01         success  LAS=1 (0.39 MB) json=DSD strat_intervals=0
  [  309/6698] BHM-03         success  LAS=1 (0.49 MB) json=DSD strat_intervals=0
  [  312/6698] BHM-04         success  LAS=1 (0.51 MB) json=DSD strat_intervals=0
  [  313/6698] BHM-05-S3      success  LAS=1 (0.52 MB) json=DSD strat_intervals=0
  [  315/6698] BHM-05-S2      success  LAS=1 (0.53 MB) json=DSD strat_intervals=0
  [  316/6698] BHM-06         success  LAS=1 (3.58 MB) json=DSD strat_intervals=0
  [  317/6698] BHM-01         success  LAS=3 (3.66 MB) json=DSD strat_intervals=0
  [  319/6698] BHM-02         success  LAS=2 (3.40 MB) json=DSD strat_intervals=0
  [  321/6698] BKH-01         success  LAS=1 (1.74 MB) json=DSD strat_intervals=0
  [  322/6698] BIR-13-S2      success  LAS=1 (0.58 MB) json=DSD strat_intervals=0
  [  328/6698] BKL-01         success  LAS=3 (4.85 MB) json=DSD strat_intervals=0
  [  336/6698] BIR-06         success  LAS=1 (1.20 MB) json=DSD strat_intervals=0
  [  339/6698] BIR-03         success  LAS=2 (2.16 MB) json=DSD strat_intervals=0
  [  344/6698] BIR-01         success  LAS=2 (2.11 MB) json=DSD strat_intervals=0
  [  346/6698] BKLM-02        success  LAS=1 (1.10 MB) json=DSD strat_intervals=0
  [  347/6698] BIR-13         success  LAS=1 (0.42 MB) json=DSD strat_intervals=0
  [  350/6698] progress
  [  352/6698] BKLM-06        success  LAS=1 (1.21 MB) json=DSD strat_intervals=0
  [  353/6698] BKLM-05        success  LAS=1 (1.16 MB) json=DSD strat_intervals=0
  [  365/6698] BLF-102        success  LAS=1 (2.44 MB) json=DSD strat_intervals=0
  [  366/6698] BLF-101        success  LAS=1 (0.26 MB) json=DSD strat_intervals=0
  [  367/6698] BLD-01         success  LAS=1 (1.64 MB) json=DSD strat_intervals=0
  [  368/6698] BLA-01         success  LAS=2 (0.94 MB) json=DSD strat_intervals=0
  [  372/6698] BLA-01-S1      success  LAS=2 (2.27 MB) json=DSD strat_intervals=0
  [  378/6698] BKZ-01         success  LAS=3 (6.55 MB) json=DSD strat_intervals=0
  [  381/6698] BLF-107        success  LAS=1 (4.24 MB) json=DSD strat_intervals=0
  [  382/6698] BLH-01         success  LAS=2 (3.37 MB) json=DSD strat_intervals=0
  [  383/6698] BLS-01         success  LAS=1 (1.50 MB) json=DSD strat_intervals=0
  [  387/6698] BRA-02         success  LAS=1 (3.58 MB) json=DSD strat_intervals=0
  [  388/6698] BNT-01         success  LAS=3 (1.11 MB) json=DSD strat_intervals=0
  [  390/6698] BRI-GT-01      success  LAS=1 (0.68 MB) json=DSD strat_intervals=0
  [  392/6698] BRI-GT-02      success  LAS=1 (0.57 MB) json=DSD strat_intervals=0
  [  394/6698] BLS-01-S1      success  LAS=3 (4.64 MB) json=DSD strat_intervals=0
  [  395/6698] BRAK-01        success  LAS=2 (2.55 MB) json=DSD strat_intervals=0
  [  396/6698] BRG-01         success  LAS=2 (2.01 MB) json=DSD strat_intervals=0
  [  398/6698] BOL-01         success  LAS=2 (2.53 MB) json=DSD strat_intervals=0
  [  400/6698] BRH-01         success  LAS=2 (2.25 MB) json=DSD strat_intervals=0
  [  401/6698] BRA-03         success  LAS=1 (3.48 MB) json=DSD strat_intervals=0
  [  402/6698] BOZ-01         success  LAS=3 (2.98 MB) json=DSD strat_intervals=0
  [  404/6698] BNV-01-S1      success  LAS=3 (4.72 MB) json=DSD strat_intervals=0
  [  406/6698] BRK-04         success  LAS=1 (0.27 MB) json=DSD strat_intervals=0
  [  407/6698] BLT-01         success  LAS=2 (9.94 MB) json=DSD strat_intervals=0
  [  408/6698] BRK-05         success  LAS=1 (0.26 MB) json=DSD strat_intervals=0
  [  409/6698] BRK-05-S2      success  LAS=1 (0.26 MB) json=DSD strat_intervals=0
  [  411/6698] BRK-06         success  LAS=1 (0.57 MB) json=DSD strat_intervals=0
  [  412/6698] BRK-08-S1      success  LAS=1 (1.51 MB) json=DSD strat_intervals=0
  [  413/6698] BRK-08-S2      success  LAS=1 (1.36 MB) json=DSD strat_intervals=0
  [  414/6698] BRK-09         success  LAS=1 (0.18 MB) json=DSD strat_intervals=0
  [  418/6698] BRK-14         success  LAS=1 (0.92 MB) json=DSD strat_intervals=0
  [  419/6698] BRK-12         success  LAS=1 (1.30 MB) json=DSD strat_intervals=0
  [  420/6698] BRK-10         success  LAS=1 (1.18 MB) json=DSD strat_intervals=0
  [  421/6698] BRK-11         success  LAS=1 (1.36 MB) json=DSD strat_intervals=0
  [  423/6698] BRK-15         success  LAS=1 (0.76 MB) json=DSD strat_intervals=0
  [  425/6698] BRK-21-S1      success  LAS=1 (0.78 MB) json=DSD strat_intervals=0
  [  426/6698] BRK-13         success  LAS=2 (0.91 MB) json=DSD strat_intervals=0
  [  427/6698] BRK-16-S1      success  LAS=1 (0.94 MB) json=DSD strat_intervals=0
  [  428/6698] BRK-19         success  LAS=1 (0.66 MB) json=DSD strat_intervals=0
  [  429/6698] BRK-22         success  LAS=1 (0.67 MB) json=DSD strat_intervals=0
  [  432/6698] BRK-23         success  LAS=1 (0.92 MB) json=DSD strat_intervals=0
  [  447/6698] BRL-01-S1      success  LAS=2 (1.89 MB) json=DSD strat_intervals=0
  [  448/6698] BRT-02-S1      success  LAS=1 (2.67 MB) json=DSD strat_intervals=0
  [  450/6698] BRTZ-01        success  LAS=2 (3.37 MB) json=DSD strat_intervals=0
  [  451/6698] BRW-01-S1      success  LAS=1 (0.25 MB) json=DSD strat_intervals=0
  [  452/6698] BRW-01-S2      success  LAS=1 (0.25 MB) json=DSD strat_intervals=0
  [  453/6698] BRT-01         success  LAS=2 (3.30 MB) json=DSD strat_intervals=0
  [  459/6698] BTA-01         success  LAS=1 (3.03 MB) json=DSD strat_intervals=0
  [  461/6698] BUI-01         success  LAS=1 (0.59 MB) json=DSD strat_intervals=0
  [  471/6698] BRW-03         success  LAS=1 (0.74 MB) json=DSD strat_intervals=0
  [  473/6698] BRW-02         success  LAS=2 (2.31 MB) json=DSD strat_intervals=0
  [  475/6698] BUM-01         success  LAS=3 (3.11 MB) json=DSD strat_intervals=0
  [  479/6698] CAL-GT-01-S1   success  LAS=1 (1.43 MB) json=DSD strat_intervals=0
  [  481/6698] CAL-GT-05      success  LAS=1 (0.54 MB) json=DSD strat_intervals=0
  [  482/6698] CAL-GT-04      success  LAS=1 (0.67 MB) json=DSD strat_intervals=0
  [  483/6698] CAL-GT-03      success  LAS=1 (0.66 MB) json=DSD strat_intervals=0
  [  486/6698] BWD-01         success  LAS=2 (2.25 MB) json=DSD strat_intervals=0
  [  487/6698] CLDV-01-S1     success  LAS=1 (0.44 MB) json=DSD strat_intervals=0
  [  489/6698] CAL-GT-02      success  LAS=1 (0.88 MB) json=DSD strat_intervals=0
  [  492/6698] BUR-01         success  LAS=4 (5.01 MB) json=DSD strat_intervals=0
  [  495/6698] CAP-01         success  LAS=2 (3.61 MB) json=DSD strat_intervals=0
  [  496/6698] BTL-01         success  LAS=4 (8.07 MB) json=DSD strat_intervals=0
  [  500/6698] progress
  [  501/6698] CLD-01         success  LAS=2 (3.03 MB) json=DSD strat_intervals=0
  [  502/6698] COV-07         success  LAS=1 (1.61 MB) json=DSD strat_intervals=0
  [  503/6698] COV-08-S1      success  LAS=1 (0.16 MB) json=DSD strat_intervals=0
  [  506/6698] COV-10-S1      success  LAS=1 (0.41 MB) json=DSD strat_intervals=0
  [  507/6698] COV-09         success  LAS=1 (0.41 MB) json=DSD strat_intervals=0
  [  511/6698] COV-07-S3      success  LAS=2 (1.26 MB) json=DSD strat_intervals=0
  [  513/6698] COV-15         success  LAS=1 (0.13 MB) json=DSD strat_intervals=0
  [  514/6698] COV-10         success  LAS=1 (0.42 MB) json=DSD strat_intervals=0
  [  516/6698] COV-13         success  LAS=1 (0.55 MB) json=DSD strat_intervals=0
  [  517/6698] COV-16         success  LAS=1 (0.41 MB) json=DSD strat_intervals=0
  [  518/6698] COV-17-S1      success  LAS=1 (0.43 MB) json=DSD strat_intervals=0
  [  519/6698] COV-14         success  LAS=1 (0.51 MB) json=DSD strat_intervals=0
  [  521/6698] COV-18         success  LAS=1 (0.43 MB) json=DSD strat_intervals=0
  [  522/6698] COV-19         success  LAS=1 (0.47 MB) json=DSD strat_intervals=0
  [  526/6698] COV-21-S1      success  LAS=1 (0.44 MB) json=DSD strat_intervals=0
  [  527/6698] COV-20         success  LAS=1 (0.40 MB) json=DSD strat_intervals=0
  [  532/6698] COV-23         success  LAS=1 (0.61 MB) json=DSD strat_intervals=0
  [  533/6698] COV-24         success  LAS=1 (0.39 MB) json=DSD strat_intervals=0
  [  534/6698] COV-26-S2      success  LAS=1 (0.43 MB) json=DSD strat_intervals=0
  [  535/6698] COV-25         success  LAS=1 (0.70 MB) json=DSD strat_intervals=0
  [  537/6698] COV-27         success  LAS=1 (0.42 MB) json=DSD strat_intervals=0
  [  539/6698] COV-30-S3      success  LAS=1 (0.64 MB) json=DSD strat_intervals=0
  [  540/6698] COV-32-S1      success  LAS=1 (0.48 MB) json=DSD strat_intervals=0
  [  542/6698] COV-33-S1      success  LAS=1 (0.43 MB) json=DSD strat_intervals=0
  [  544/6698] COV-31         success  LAS=1 (0.47 MB) json=DSD strat_intervals=0
  [  545/6698] COV-28         success  LAS=2 (4.05 MB) json=DSD strat_intervals=0
  [  548/6698] COV-29         success  LAS=2 (3.27 MB) json=DSD strat_intervals=0
  [  549/6698] BRA-01         success  LAS=26 (36.91 MB) json=DSD strat_intervals=0
  [  550/6698] progress
  [  555/6698] COV-34         success  LAS=1 (0.51 MB) json=DSD strat_intervals=0
  [  557/6698] COV-37         success  LAS=1 (0.58 MB) json=DSD strat_intervals=0
  [  562/6698] COV-46-VE      success  LAS=1 (0.55 MB) json=DSD strat_intervals=0
  [  565/6698] COV-48-S1      success  LAS=1 (0.69 MB) json=DSD strat_intervals=0
  [  568/6698] COV-48-S2      success  LAS=1 (3.04 MB) json=DSD strat_intervals=0
  [  570/6698] COV-48         success  LAS=1 (0.60 MB) json=DSD strat_intervals=0
  [  574/6698] COV-45         success  LAS=2 (2.38 MB) json=DSD strat_intervals=0
  [  578/6698] COV-52         success  LAS=1 (1.94 MB) json=DSD strat_intervals=0
  [  580/6698] COV-58         success  LAS=1 (0.75 MB) json=DSD strat_intervals=0
  [  581/6698] COV-56         success  LAS=1 (2.84 MB) json=DSD strat_intervals=0
  [  583/6698] COV-53         success  LAS=2 (2.75 MB) json=DSD strat_intervals=0
  [  584/6698] D12-04         success  LAS=1 (0.07 MB) json=DSD strat_intervals=0
  [  587/6698] COV-51         success  LAS=1 (1.53 MB) json=DSD strat_intervals=0
  [  588/6698] COV-57         success  LAS=1 (2.50 MB) json=DSD strat_intervals=0
  [  589/6698] D12-03         success  LAS=2 (1.07 MB) json=DSD strat_intervals=0
  [  591/6698] D12-05-S1      success  LAS=1 (3.17 MB) json=DSD strat_intervals=0
  [  595/6698] D12-A-01       success  LAS=1 (3.16 MB) json=DSD strat_intervals=0
  [  596/6698] D12-A-03-S1    success  LAS=1 (2.26 MB) json=DSD strat_intervals=0
  [  597/6698] D12-A-02-S1    success  LAS=1 (4.35 MB) json=DSD strat_intervals=0
  [  598/6698] D12-05         success  LAS=1 (1.30 MB) json=DSD strat_intervals=0
  [  599/6698] D12-A-02       success  LAS=1 (3.53 MB) json=DSD strat_intervals=0
  [  600/6698] D12-01         success  LAS=4 (4.79 MB) json=DSD strat_intervals=0
  [  603/6698] D12-A-03       success  LAS=2 (3.55 MB) json=DSD strat_intervals=0
  [  605/6698] D15-01-S2      success  LAS=2 (1.88 MB) json=DSD strat_intervals=0
  [  613/6698] D15-01         success  LAS=3 (2.17 MB) json=DSD strat_intervals=0
  [  615/6698] D12-04-S1      success  LAS=4 (10.75 MB) json=DSD strat_intervals=0
  [  616/6698] D15-03         success  LAS=3 (6.24 MB) json=DSD strat_intervals=0
  [  617/6698] D15-FA-103     success  LAS=1 (3.19 MB) json=DSD strat_intervals=0
  [  619/6698] D15-FA-101-S1  success  LAS=1 (3.32 MB) json=DSD strat_intervals=0
  [  620/6698] D15-FA-101     success  LAS=1 (1.43 MB) json=DSD strat_intervals=0
  [  621/6698] D12-03-S1      success  LAS=4 (14.67 MB) json=DSD strat_intervals=0
  [  626/6698] D15-FA-102     success  LAS=1 (3.46 MB) json=DSD strat_intervals=0
  [  627/6698] D15-FA-102-S1  success  LAS=1 (3.54 MB) json=DSD strat_intervals=0
  [  629/6698] D15-01-S1      success  LAS=2 (2.41 MB) json=DSD strat_intervals=0
  [  630/6698] D15-04         success  LAS=2 (4.08 MB) json=DSD strat_intervals=0
  [  631/6698] D18-01         success  LAS=2 (4.04 MB) json=DSD strat_intervals=0
  [  633/6698] DAL-02-S1      success  LAS=1 (0.47 MB) json=DSD strat_intervals=0
  [  635/6698] D15-02         success  LAS=4 (13.69 MB) json=DSD strat_intervals=0
  [  636/6698] DAL-01         success  LAS=2 (3.35 MB) json=DSD strat_intervals=0
  [  641/6698] DAL-03         success  LAS=1 (0.44 MB) json=DSD strat_intervals=0
  [  643/6698] DAL-04         success  LAS=1 (0.43 MB) json=DSD strat_intervals=0
  [  644/6698] DAL-05-S5      success  LAS=1 (0.44 MB) json=DSD strat_intervals=0
  [  646/6698] DAL-09         success  LAS=1 (0.44 MB) json=DSD strat_intervals=0
  [  649/6698] DAL-10         success  LAS=1 (0.47 MB) json=DSD strat_intervals=0
  [  650/6698] progress
  [  653/6698] DAL-06         success  LAS=2 (3.15 MB) json=DSD strat_intervals=0
  [  656/6698] DAL-12         success  LAS=1 (0.45 MB) json=DSD strat_intervals=0
  [  657/6698] DAL-07         success  LAS=2 (3.35 MB) json=DSD strat_intervals=0
  [  660/6698] DAL-08         success  LAS=2 (3.67 MB) json=DSD strat_intervals=0
  [  662/6698] DAL-11-S1      success  LAS=1 (0.48 MB) json=DSD strat_intervals=0
  [  664/6698] DAL-15         success  LAS=1 (1.72 MB) json=DSD strat_intervals=0
  [  674/6698] DB-035         not_found LAS=0 (0.00 MB) json=--- strat_intervals=0  ERR: no ArcGIS match
  [  700/6698] progress
  [  750/6698] progress
  [  786/6698] DB-151         not_found LAS=0 (0.00 MB) json=--- strat_intervals=0  ERR: no ArcGIS match
  [  800/6698] progress
  [  831/6698] DEL-08         success  LAS=1 (1.43 MB) json=DSD strat_intervals=0
  [  837/6698] DEW-04         success  LAS=1 (0.35 MB) json=DSD strat_intervals=0
  [  842/6698] DRM-01-S1      success  LAS=1 (0.64 MB) json=DSD strat_intervals=0
  [  843/6698] DRN-01         success  LAS=1 (1.44 MB) json=DSD strat_intervals=0
  [  845/6698] DEW-05         success  LAS=3 (3.07 MB) json=DSD strat_intervals=0
  [  846/6698] DJM-01-S1      success  LAS=2 (4.49 MB) json=DSD strat_intervals=0
  [  848/6698] DIV-01         success  LAS=3 (2.75 MB) json=DSD strat_intervals=0
  [  849/6698] DKK-03         success  LAS=3 (2.92 MB) json=DSD strat_intervals=0
  [  850/6698] progress
  [  851/6698] DRT-01         success  LAS=1 (3.64 MB) json=DSD strat_intervals=0
  [  853/6698] DSP-01         success  LAS=2 (1.49 MB) json=DSD strat_intervals=0
  [  854/6698] DRP-01         success  LAS=2 (2.40 MB) json=DSD strat_intervals=0
  [  855/6698] DSP-02         success  LAS=2 (1.04 MB) json=DSD strat_intervals=0
  [  856/6698] DVD-03         success  LAS=1 (2.95 MB) json=DSD strat_intervals=0
  [  858/6698] DVD-02         success  LAS=2 (3.43 MB) json=DSD strat_intervals=0
  [  860/6698] DVD-01         success  LAS=2 (3.20 MB) json=DSD strat_intervals=0
  [  861/6698] DVZ-01         success  LAS=3 (4.37 MB) json=DSD strat_intervals=0
  [  862/6698] E02-01         success  LAS=3 (3.08 MB) json=DSD strat_intervals=0
  [  863/6698] DVN-01         success  LAS=3 (6.30 MB) json=DSD strat_intervals=0
  [  865/6698] E10-01         success  LAS=1 (0.19 MB) json=DSD strat_intervals=0
  [  866/6698] DRO-01         success  LAS=3 (2.68 MB) json=DSD strat_intervals=0
  [  867/6698] E10-03         success  LAS=1 (0.52 MB) json=DSD strat_intervals=0
  [  868/6698] E12-04         success  LAS=1 (0.21 MB) json=DSD strat_intervals=0
  [  869/6698] E10-03-S1      success  LAS=1 (1.05 MB) json=DSD strat_intervals=0
  [  870/6698] E12-04-S1      success  LAS=1 (0.21 MB) json=DSD strat_intervals=0
  [  871/6698] E10-03-S2      success  LAS=2 (3.91 MB) json=DSD strat_intervals=0
  [  872/6698] E02-02         success  LAS=2 (5.60 MB) json=DSD strat_intervals=0
  [  873/6698] E09-01         success  LAS=4 (8.41 MB) json=DSD strat_intervals=0
  [  874/6698] E06-01         success  LAS=3 (4.67 MB) json=DSD strat_intervals=0
  [  876/6698] E13-01-S1      success  LAS=2 (1.25 MB) json=DSD strat_intervals=0
  [  877/6698] E09-02         success  LAS=3 (4.24 MB) json=DSD strat_intervals=0
  [  878/6698] E04-01         success  LAS=4 (4.82 MB) json=DSD strat_intervals=0
  [  879/6698] E13-01         success  LAS=2 (1.54 MB) json=DSD strat_intervals=0
  [  880/6698] E12-04-S2      success  LAS=1 (3.38 MB) json=DSD strat_intervals=0
  [  881/6698] E16-02         success  LAS=1 (0.91 MB) json=DSD strat_intervals=0
  [  887/6698] E16-02-S1      success  LAS=1 (0.92 MB) json=DSD strat_intervals=0
  [  888/6698] E10-02         success  LAS=2 (11.05 MB) json=DSD strat_intervals=0
  [  889/6698] E12-02         success  LAS=3 (6.50 MB) json=DSD strat_intervals=0
  [  890/6698] E12-03         success  LAS=3 (10.31 MB) json=DSD strat_intervals=0
  [  891/6698] E12-01         success  LAS=3 (4.25 MB) json=DSD strat_intervals=0
  [  892/6698] E14-01         success  LAS=3 (6.16 MB) json=DSD strat_intervals=0
  [  898/6698] E17-02         success  LAS=1 (3.78 MB) json=DSD strat_intervals=0
  [  899/6698] E10-01-S1      success  LAS=4 (17.13 MB) json=DSD strat_intervals=0
  [  900/6698] progress
  [  901/6698] E16-02-S2      success  LAS=3 (8.65 MB) json=DSD strat_intervals=0
  [  903/6698] E13-01-S2      success  LAS=3 (10.21 MB) json=DSD strat_intervals=0
  [  904/6698] E13-02         success  LAS=3 (9.53 MB) json=DSD strat_intervals=0
  [  906/6698] EEM-01         success  LAS=2 (0.84 MB) json=DSD strat_intervals=0
  [  907/6698] E18-01         success  LAS=3 (7.80 MB) json=DSD strat_intervals=0
  [  910/6698] E17-01         success  LAS=4 (10.63 MB) json=DSD strat_intervals=0
  [  913/6698] E16-03         success  LAS=3 (10.73 MB) json=DSD strat_intervals=0
  [  914/6698] E16-01         success  LAS=3 (8.94 MB) json=DSD strat_intervals=0
  [  915/6698] EGZ-01-S3      success  LAS=1 (0.19 MB) json=DSD strat_intervals=0
  [  916/6698] E17-A-06-S1    success  LAS=2 (5.62 MB) json=DSD strat_intervals=0
  [  917/6698] E18-04         success  LAS=1 (3.69 MB) json=DSD strat_intervals=0
  [  918/6698] E18-A-01       success  LAS=1 (3.91 MB) json=DSD strat_intervals=0
  [  919/6698] E17-A-06-S2    success  LAS=1 (5.58 MB) json=DSD strat_intervals=0
  [  920/6698] E18-03         success  LAS=2 (4.87 MB) json=DSD strat_intervals=0
  [  921/6698] EGMB-01        success  LAS=1 (2.49 MB) json=DSD strat_intervals=0
  [  924/6698] EKL-01         success  LAS=1 (0.38 MB) json=DSD strat_intervals=0
  [  928/6698] E18-05         success  LAS=1 (3.88 MB) json=DSD strat_intervals=0
  [  930/6698] E17-A-06       success  LAS=3 (15.82 MB) json=DSD strat_intervals=0
  [  931/6698] EKR-104-S1     success  LAS=1 (0.19 MB) json=DSD strat_intervals=0
  [  935/6698] E18-02         success  LAS=4 (12.33 MB) json=DSD strat_intervals=0
  [  936/6698] EDE-01         success  LAS=5 (7.60 MB) json=DSD strat_intervals=0
  [  946/6698] EKR-104        success  LAS=1 (0.19 MB) json=DSD strat_intervals=0
  [  947/6698] EKL-12         success  LAS=1 (2.61 MB) json=DSD strat_intervals=0
  [  950/6698] progress
  [  961/6698] EMC-01         success  LAS=1 (0.14 MB) json=DSD strat_intervals=0
  [  967/6698] EKR-208        success  LAS=1 (0.38 MB) json=DSD strat_intervals=0
  [  972/6698] EMC-01-S1      success  LAS=2 (3.71 MB) json=DSD strat_intervals=0
  [  980/6698] EMM-08-S1      success  LAS=1 (0.23 MB) json=DSD strat_intervals=0
  [  981/6698] EMM-08         success  LAS=1 (0.58 MB) json=DSD strat_intervals=0
  [  982/6698] EMM-09         success  LAS=1 (0.38 MB) json=DSD strat_intervals=0
  [  983/6698] ELV-101        success  LAS=3 (3.88 MB) json=DSD strat_intervals=0
  [  984/6698] EMM-10         success  LAS=1 (0.55 MB) json=DSD strat_intervals=0
  [  987/6698] EMM-11-S2      success  LAS=1 (0.58 MB) json=DSD strat_intervals=0
  [  988/6698] EMM-12-S1      success  LAS=1 (0.57 MB) json=DSD strat_intervals=0
  [  989/6698] EMM-12         success  LAS=1 (0.60 MB) json=DSD strat_intervals=0
  [  990/6698] EMM-07         success  LAS=3 (4.85 MB) json=DSD strat_intervals=0
  [  991/6698] EMM-13-S2      success  LAS=1 (0.55 MB) json=DSD strat_intervals=0
  [  992/6698] EMM-13-S3      success  LAS=1 (0.24 MB) json=DSD strat_intervals=0
  [  995/6698] EMM-14         success  LAS=1 (0.57 MB) json=DSD strat_intervals=0
  [  997/6698] EMM-15         success  LAS=1 (0.55 MB) json=DSD strat_intervals=0
  [  999/6698] EMM-15-S1      success  LAS=1 (0.55 MB) json=DSD strat_intervals=0
  [ 1000/6698] EMM-15-S2      success  LAS=1 (0.59 MB) json=DSD strat_intervals=0
  [ 1004/6698] ENA-01-S2      success  LAS=1 (0.50 MB) json=DSD strat_intervals=0
  [ 1005/6698] EMM-16         success  LAS=1 (0.54 MB) json=DSD strat_intervals=0
  [ 1007/6698] ENA-02-S1      success  LAS=1 (0.45 MB) json=DSD strat_intervals=0
  [ 1008/6698] EMO-01         success  LAS=2 (2.36 MB) json=DSD strat_intervals=0
  [ 1010/6698] ERM-01-S1      success  LAS=1 (0.32 MB) json=DSD strat_intervals=0
  [ 1014/6698] ESG-01         success  LAS=1 (1.86 MB) json=DSD strat_intervals=0
  [ 1019/6698] ETV-01-S2      success  LAS=1 (0.41 MB) json=DSD strat_intervals=0
  [ 1020/6698] EPE-01         success  LAS=3 (0.63 MB) json=DSD strat_intervals=0
  [ 1023/6698] EWM-01         success  LAS=1 (3.55 MB) json=DSD strat_intervals=0
  [ 1025/6698] EXO-01         success  LAS=1 (0.35 MB) json=DSD strat_intervals=0
  [ 1026/6698] EVD-01         success  LAS=3 (1.99 MB) json=DSD strat_intervals=0
  [ 1027/6698] EXO-02-S4      success  LAS=1 (0.18 MB) json=DSD strat_intervals=0
  [ 1028/6698] EXO-02-S2      success  LAS=1 (0.57 MB) json=DSD strat_intervals=0
  [ 1029/6698] ESV-01         success  LAS=4 (8.82 MB) json=DSD strat_intervals=0
  [ 1030/6698] ERW-01         success  LAS=6 (4.84 MB) json=DSD strat_intervals=0
  [ 1031/6698] F02-02         success  LAS=1 (1.54 MB) json=DSD strat_intervals=0
  [ 1036/6698] F02-06         success  LAS=1 (1.30 MB) json=DSD strat_intervals=0
  [ 1041/6698] F02-01         success  LAS=2 (3.05 MB) json=DSD strat_intervals=0
  [ 1043/6698] F02-04         success  LAS=2 (1.68 MB) json=DSD strat_intervals=0
  [ 1044/6698] F02-05         success  LAS=1 (1.11 MB) json=DSD strat_intervals=0
  [ 1046/6698] F02-07         success  LAS=1 (2.52 MB) json=DSD strat_intervals=0
  [ 1047/6698] F01-01         success  LAS=3 (6.95 MB) json=DSD strat_intervals=0
  [ 1050/6698] F02-02-S1      success  LAS=3 (6.34 MB) json=DSD strat_intervals=0
  [ 1053/6698] F02-03         success  LAS=3 (2.64 MB) json=DSD strat_intervals=0
  [ 1054/6698] F02-01-S1      success  LAS=3 (7.42 MB) json=DSD strat_intervals=0
  [ 1061/6698] F03-FA-01      success  LAS=1 (1.75 MB) json=DSD strat_intervals=0
  [ 1064/6698] F03-01         success  LAS=3 (6.28 MB) json=DSD strat_intervals=0
  [ 1065/6698] F03-03         success  LAS=3 (8.04 MB) json=DSD strat_intervals=0
  [ 1066/6698] F03-FB-103-S1  success  LAS=1 (0.84 MB) json=DSD strat_intervals=0
  [ 1069/6698] F03-FB-101     success  LAS=1 (2.87 MB) json=DSD strat_intervals=0
  [ 1070/6698] F03-FB-103-S2  success  LAS=1 (0.98 MB) json=DSD strat_intervals=0
  [ 1072/6698] F03-FB-102     success  LAS=1 (2.65 MB) json=DSD strat_intervals=0
  [ 1074/6698] F03-08         success  LAS=3 (4.99 MB) json=DSD strat_intervals=0
  [ 1076/6698] F03-02         success  LAS=3 (4.27 MB) json=DSD strat_intervals=0
  [ 1080/6698] F03-05-S1      success  LAS=4 (7.89 MB) json=DSD strat_intervals=0
  [ 1081/6698] F03-04         success  LAS=3 (6.50 MB) json=DSD strat_intervals=0
  [ 1083/6698] F03-07         success  LAS=3 (4.77 MB) json=DSD strat_intervals=0
  [ 1084/6698] F03-06         success  LAS=3 (7.58 MB) json=DSD strat_intervals=0
  [ 1085/6698] F04-02         success  LAS=1 (2.83 MB) json=DSD strat_intervals=0
  [ 1090/6698] F05-04         success  LAS=1 (1.17 MB) json=DSD strat_intervals=0
  [ 1095/6698] F06-03         success  LAS=1 (1.56 MB) json=DSD strat_intervals=0
  [ 1098/6698] F06-02         success  LAS=1 (1.39 MB) json=DSD strat_intervals=0
  [ 1099/6698] F04-01         success  LAS=3 (5.25 MB) json=DSD strat_intervals=0
  [ 1100/6698] F05-03         success  LAS=2 (6.11 MB) json=DSD strat_intervals=0
  [ 1102/6698] F04-02-A       success  LAS=2 (4.17 MB) json=DSD strat_intervals=0
  [ 1104/6698] F05-05         success  LAS=1 (1.48 MB) json=DSD strat_intervals=0
  [ 1105/6698] F05-01         success  LAS=2 (5.78 MB) json=DSD strat_intervals=0
  [ 1107/6698] F05-02         success  LAS=3 (4.72 MB) json=DSD strat_intervals=0
  [ 1108/6698] F04-03         success  LAS=3 (10.21 MB) json=DSD strat_intervals=0
  [ 1109/6698] F06-01         success  LAS=3 (4.09 MB) json=DSD strat_intervals=0
  [ 1110/6698] F06-01-S1      success  LAS=4 (5.69 MB) json=DSD strat_intervals=0
  [ 1111/6698] F12-02         success  LAS=2 (0.29 MB) json=DSD strat_intervals=0
  [ 1112/6698] F12-02-S1      success  LAS=2 (2.80 MB) json=DSD strat_intervals=0
  [ 1113/6698] F12-03-S1      success  LAS=1 (2.90 MB) json=DSD strat_intervals=0
  [ 1114/6698] F12-04         success  LAS=1 (0.52 MB) json=DSD strat_intervals=0
  [ 1115/6698] F09-01         success  LAS=3 (3.14 MB) json=DSD strat_intervals=0
  [ 1116/6698] F09-02         success  LAS=3 (4.46 MB) json=DSD strat_intervals=0
  [ 1118/6698] F12-01         success  LAS=3 (2.96 MB) json=DSD strat_intervals=0
  [ 1119/6698] F08-01         success  LAS=4 (5.29 MB) json=DSD strat_intervals=0
  [ 1120/6698] F12-04-S1      success  LAS=1 (2.35 MB) json=DSD strat_intervals=0
  [ 1121/6698] F10-03         success  LAS=1 (3.83 MB) json=DSD strat_intervals=0
  [ 1122/6698] F11-02         success  LAS=3 (5.49 MB) json=DSD strat_intervals=0
  [ 1123/6698] F10-02         success  LAS=4 (6.23 MB) json=DSD strat_intervals=0
  [ 1124/6698] F08-02         success  LAS=3 (4.23 MB) json=DSD strat_intervals=0
  [ 1125/6698] F11-03         success  LAS=3 (5.73 MB) json=DSD strat_intervals=0
  [ 1126/6698] F13-01         success  LAS=2 (2.35 MB) json=DSD strat_intervals=0
  [ 1128/6698] F07-01         success  LAS=3 (4.23 MB) json=DSD strat_intervals=0
  [ 1129/6698] F10-01         success  LAS=3 (5.95 MB) json=DSD strat_intervals=0
  [ 1130/6698] F14-05         success  LAS=2 (1.30 MB) json=DSD strat_intervals=0
  [ 1131/6698] F14-06         success  LAS=1 (1.55 MB) json=DSD strat_intervals=0
  [ 1132/6698] F15-02         success  LAS=1 (0.86 MB) json=DSD strat_intervals=0
  [ 1133/6698] F14-02         success  LAS=3 (2.58 MB) json=DSD strat_intervals=0
  [ 1134/6698] F09-03         success  LAS=3 (10.39 MB) json=DSD strat_intervals=0
  [ 1135/6698] F11-01         success  LAS=3 (4.90 MB) json=DSD strat_intervals=0
  [ 1136/6698] F07-02         success  LAS=2 (8.56 MB) json=DSD strat_intervals=0
  [ 1137/6698] F14-04         success  LAS=2 (2.80 MB) json=DSD strat_intervals=0
  [ 1140/6698] F06-07         success  LAS=8 (16.50 MB) json=DSD strat_intervals=0
  [ 1141/6698] F12-03         success  LAS=2 (7.45 MB) json=DSD strat_intervals=0
  [ 1146/6698] F14-03         success  LAS=4 (6.19 MB) json=DSD strat_intervals=0
  [ 1148/6698] F15-03         success  LAS=2 (4.58 MB) json=DSD strat_intervals=0
  [ 1149/6698] F14-01         success  LAS=3 (4.49 MB) json=DSD strat_intervals=0
  [ 1150/6698] progress
  [ 1155/6698] F15-A-03       success  LAS=1 (1.31 MB) json=DSD strat_intervals=0
  [ 1156/6698] F15-01         success  LAS=3 (6.90 MB) json=DSD strat_intervals=0
  [ 1157/6698] F15-A-02-S2    success  LAS=1 (2.62 MB) json=DSD strat_intervals=0
  [ 1158/6698] F15-08         success  LAS=1 (3.15 MB) json=DSD strat_intervals=0
  [ 1159/6698] F15-A-05       success  LAS=1 (0.01 MB) json=DSD strat_intervals=0
  [ 1162/6698] F14-06-S1      success  LAS=7 (3.72 MB) json=DSD strat_intervals=0
  [ 1163/6698] F14-07         success  LAS=2 (7.62 MB) json=DSD strat_intervals=0
  [ 1164/6698] F15-05         success  LAS=3 (9.30 MB) json=DSD strat_intervals=0
  [ 1168/6698] F15-06         success  LAS=3 (5.88 MB) json=DSD strat_intervals=0
  [ 1170/6698] F16-A-03       success  LAS=1 (1.75 MB) json=DSD strat_intervals=0
  [ 1171/6698] F16-01         success  LAS=2 (2.70 MB) json=DSD strat_intervals=0
  [ 1172/6698] F17-01-S1      success  LAS=1 (2.74 MB) json=DSD strat_intervals=0
  [ 1173/6698] F16-05         success  LAS=1 (4.02 MB) json=DSD strat_intervals=0
  [ 1174/6698] F16-04         success  LAS=1 (3.06 MB) json=DSD strat_intervals=0
  [ 1175/6698] F15-A-01       success  LAS=3 (6.98 MB) json=DSD strat_intervals=0
  [ 1176/6698] F16-A-03-S1    success  LAS=1 (4.15 MB) json=DSD strat_intervals=0
  [ 1178/6698] F16-A-01-S1    success  LAS=1 (3.70 MB) json=DSD strat_intervals=0
  [ 1181/6698] F17-08         success  LAS=1 (4.45 MB) json=DSD strat_intervals=0
  [ 1182/6698] F16-A-01       success  LAS=1 (3.64 MB) json=DSD strat_intervals=0
  [ 1183/6698] F15-02-S1      success  LAS=3 (9.04 MB) json=DSD strat_intervals=0
  [ 1184/6698] F17-02         success  LAS=2 (3.56 MB) json=DSD strat_intervals=0
  [ 1186/6698] F17-08-S1      success  LAS=1 (1.87 MB) json=DSD strat_intervals=0
  [ 1187/6698] F16-02         success  LAS=2 (2.51 MB) json=DSD strat_intervals=0
  [ 1189/6698] F17-01-S2      success  LAS=2 (3.58 MB) json=DSD strat_intervals=0
  [ 1190/6698] F17-05         success  LAS=3 (4.13 MB) json=DSD strat_intervals=0
  [ 1193/6698] F17-04         success  LAS=3 (4.82 MB) json=DSD strat_intervals=0
  [ 1194/6698] F15-07         success  LAS=4 (14.55 MB) json=DSD strat_intervals=0
  [ 1195/6698] F17-06         success  LAS=2 (2.64 MB) json=DSD strat_intervals=0
  [ 1196/6698] F17-07         success  LAS=3 (4.04 MB) json=DSD strat_intervals=0
  [ 1197/6698] F18-08         success  LAS=1 (0.05 MB) json=DSD strat_intervals=0
  [ 1198/6698] F17-03         success  LAS=3 (3.52 MB) json=DSD strat_intervals=0
  [ 1199/6698] F17-01         success  LAS=3 (7.94 MB) json=DSD strat_intervals=0
  [ 1200/6698] F17-02-S1      success  LAS=3 (6.44 MB) json=DSD strat_intervals=0
  [ 1201/6698] F18-10         success  LAS=1 (0.50 MB) json=DSD strat_intervals=0
  [ 1202/6698] F18-01-S1      success  LAS=1 (3.13 MB) json=DSD strat_intervals=0
  [ 1204/6698] F18-09         success  LAS=1 (0.33 MB) json=DSD strat_intervals=0
  [ 1206/6698] F18-03         success  LAS=2 (3.21 MB) json=DSD strat_intervals=0
  [ 1209/6698] F18-01         success  LAS=2 (6.39 MB) json=DSD strat_intervals=0
  [ 1211/6698] F15-A-05-S3    success  LAS=4 (19.86 MB) json=DSD strat_intervals=0
  [ 1212/6698] F18-06         success  LAS=2 (2.55 MB) json=DSD strat_intervals=0
  [ 1213/6698] F18-05         success  LAS=3 (2.27 MB) json=DSD strat_intervals=0
  [ 1214/6698] F18-11         success  LAS=1 (3.82 MB) json=DSD strat_intervals=0
  [ 1215/6698] F18-07         success  LAS=3 (3.65 MB) json=DSD strat_intervals=0
  [ 1216/6698] F18-09-S1      success  LAS=1 (2.95 MB) json=DSD strat_intervals=0
  [ 1217/6698] F18-02         success  LAS=2 (4.08 MB) json=DSD strat_intervals=0
  [ 1219/6698] F18-10-S2      success  LAS=1 (2.95 MB) json=DSD strat_intervals=0
  [ 1220/6698] F18-10-S1      success  LAS=1 (2.11 MB) json=DSD strat_intervals=0
  [ 1225/6698] FRM-01-S1      success  LAS=1 (0.54 MB) json=DSD strat_intervals=0
  [ 1227/6698] F18-04         success  LAS=2 (5.31 MB) json=DSD strat_intervals=0
  [ 1228/6698] F18-08-S1      success  LAS=3 (6.56 MB) json=DSD strat_intervals=0
  [ 1231/6698] FRM-01-S3      success  LAS=1 (0.62 MB) json=DSD strat_intervals=0
  [ 1232/6698] FRB-01         success  LAS=1 (0.43 MB) json=DSD strat_intervals=0
  [ 1233/6698] FRA-01-S1      success  LAS=4 (4.88 MB) json=DSD strat_intervals=0
  [ 1234/6698] FRM-01         success  LAS=1 (0.58 MB) json=DSD strat_intervals=0
  [ 1235/6698] F18-09-S2      success  LAS=4 (12.47 MB) json=DSD strat_intervals=0
  [ 1236/6698] G13-02         success  LAS=1 (0.31 MB) json=DSD strat_intervals=0
  [ 1237/6698] G13-03-S1      success  LAS=1 (0.39 MB) json=DSD strat_intervals=0
  [ 1239/6698] G14-01         success  LAS=1 (0.14 MB) json=DSD strat_intervals=0
  [ 1243/6698] G14-02-S1      success  LAS=1 (1.24 MB) json=DSD strat_intervals=0
  [ 1244/6698] G07-02         success  LAS=2 (5.54 MB) json=DSD strat_intervals=0
  [ 1245/6698] G13-03         success  LAS=1 (2.60 MB) json=DSD strat_intervals=0
  [ 1246/6698] G14-05         success  LAS=1 (2.46 MB) json=DSD strat_intervals=0
  [ 1247/6698] G10-03         success  LAS=1 (2.75 MB) json=DSD strat_intervals=0
  [ 1250/6698] G14-A-01       success  LAS=1 (2.55 MB) json=DSD strat_intervals=0
  [ 1253/6698] G14-02         success  LAS=1 (2.55 MB) json=DSD strat_intervals=0
  [ 1254/6698] G14-04         success  LAS=1 (2.60 MB) json=DSD strat_intervals=0
  [ 1255/6698] G10-02         success  LAS=2 (3.70 MB) json=DSD strat_intervals=0
  [ 1257/6698] G10-01         success  LAS=3 (7.58 MB) json=DSD strat_intervals=0
  [ 1265/6698] G13-02-S1      success  LAS=2 (7.09 MB) json=DSD strat_intervals=0
  [ 1267/6698] G10-01-S1      success  LAS=2 (3.32 MB) json=DSD strat_intervals=0
  [ 1269/6698] G16-B-04       success  LAS=1 (0.11 MB) json=DSD strat_intervals=0
  [ 1270/6698] G16-06-S1      success  LAS=1 (2.43 MB) json=DSD strat_intervals=0
  [ 1273/6698] G16-05         success  LAS=1 (3.41 MB) json=DSD strat_intervals=0
  [ 1274/6698] G16-02         success  LAS=3 (4.42 MB) json=DSD strat_intervals=0
  [ 1275/6698] G13-01         success  LAS=3 (9.13 MB) json=DSD strat_intervals=0
  [ 1276/6698] G11-02         success  LAS=4 (8.58 MB) json=DSD strat_intervals=0
  [ 1277/6698] G17-A-01       success  LAS=1 (2.40 MB) json=DSD strat_intervals=0
  [ 1278/6698] G16-B-04-S1    success  LAS=1 (2.97 MB) json=DSD strat_intervals=0
  [ 1280/6698] G16-03         success  LAS=2 (4.83 MB) json=DSD strat_intervals=0
  [ 1281/6698] GAG-02-S1      success  LAS=1 (0.40 MB) json=DSD strat_intervals=0
  [ 1282/6698] G17-A-01-S1    success  LAS=1 (2.40 MB) json=DSD strat_intervals=0
  [ 1285/6698] G16-04         success  LAS=3 (6.45 MB) json=DSD strat_intervals=0
  [ 1289/6698] G16-06         success  LAS=1 (2.47 MB) json=DSD strat_intervals=0
  [ 1300/6698] progress
  [ 1301/6698] GAG-05         success  LAS=1 (4.58 MB) json=DSD strat_intervals=0
  [ 1309/6698] GGT-01         success  LAS=1 (0.41 MB) json=DSD strat_intervals=0
  [ 1310/6698] GAG-01         success  LAS=2 (2.55 MB) json=DSD strat_intervals=0
  [ 1311/6698] G16-01         success  LAS=3 (14.67 MB) json=DSD strat_intervals=0
  [ 1312/6698] GGT-101-S2     success  LAS=1 (0.39 MB) json=D-D strat_intervals=0
  [ 1316/6698] G17-01         success  LAS=2 (5.43 MB) json=DSD strat_intervals=0
  [ 1317/6698] G17-03         success  LAS=3 (6.13 MB) json=DSD strat_intervals=0
  [ 1319/6698] G17-02         success  LAS=3 (12.64 MB) json=DSD strat_intervals=0
  [ 1324/6698] GRH-01         success  LAS=1 (0.04 MB) json=DSD strat_intervals=0
  [ 1326/6698] GRK-01-S1      success  LAS=1 (0.68 MB) json=DSD strat_intervals=0
  [ 1329/6698] GRD-01         success  LAS=3 (2.11 MB) json=DSD strat_intervals=0
  [ 1330/6698] GRK-15         success  LAS=1 (2.98 MB) json=DSD strat_intervals=0
  [ 1331/6698] GLH-01         success  LAS=3 (4.99 MB) json=DSD strat_intervals=0
  [ 1332/6698] G18-01         success  LAS=4 (12.40 MB) json=DSD strat_intervals=0
  [ 1333/6698] GRK-13         success  LAS=1 (3.00 MB) json=DSD strat_intervals=0
  [ 1334/6698] GRK-47         success  LAS=1 (2.91 MB) json=DSD strat_intervals=0
  [ 1335/6698] GRT-03-S1      success  LAS=1 (0.81 MB) json=DSD strat_intervals=0
  [ 1336/6698] GRK-02         success  LAS=1 (3.30 MB) json=DSD strat_intervals=0
  [ 1337/6698] GRK-45         success  LAS=1 (2.87 MB) json=DSD strat_intervals=0
  [ 1338/6698] G17-S-01       success  LAS=4 (15.68 MB) json=DSD strat_intervals=0
  [ 1339/6698] GRT-03         success  LAS=1 (1.84 MB) json=DSD strat_intervals=0
  [ 1341/6698] GRT-04         success  LAS=1 (2.29 MB) json=DSD strat_intervals=0
  [ 1342/6698] GRT-02         success  LAS=1 (1.96 MB) json=DSD strat_intervals=0
  [ 1343/6698] GRT-07         success  LAS=1 (2.49 MB) json=DSD strat_intervals=0
  [ 1344/6698] GRT-06         success  LAS=1 (2.06 MB) json=DSD strat_intervals=0
  [ 1345/6698] GSV-01         success  LAS=1 (0.53 MB) json=DSD strat_intervals=0
  [ 1347/6698] GRT-05         success  LAS=1 (2.43 MB) json=DSD strat_intervals=0
  [ 1348/6698] GRW-01         success  LAS=3 (3.54 MB) json=DSD strat_intervals=0
  [ 1349/6698] GSD-01         success  LAS=2 (1.38 MB) json=DSD strat_intervals=0
  [ 1350/6698] GSV-02         success  LAS=1 (0.50 MB) json=DSD strat_intervals=0
  [ 1351/6698] GSB-01         success  LAS=2 (3.56 MB) json=DSD strat_intervals=0
  [ 1352/6698] GRT-01         success  LAS=4 (5.60 MB) json=DSD strat_intervals=0
  [ 1353/6698] GRK-11         success  LAS=1 (2.97 MB) json=DSD strat_intervals=0
  [ 1355/6698] GTV-01-S1      success  LAS=1 (0.53 MB) json=DSD strat_intervals=0
  [ 1356/6698] GRL-01         success  LAS=2 (4.56 MB) json=DSD strat_intervals=0
  [ 1358/6698] GTV-01         success  LAS=1 (0.53 MB) json=DSD strat_intervals=0
  [ 1359/6698] GVK-01         success  LAS=1 (1.39 MB) json=DSD strat_intervals=0
  [ 1360/6698] GWD-01         success  LAS=1 (0.30 MB) json=DSD strat_intervals=0
  [ 1361/6698] GRW-02         success  LAS=3 (4.11 MB) json=DSD strat_intervals=0
  [ 1362/6698] GWD-01-S1      success  LAS=1 (0.34 MB) json=DSD strat_intervals=0
  [ 1370/6698] GST-01         success  LAS=3 (3.37 MB) json=DSD strat_intervals=0
  [ 1371/6698] HAG-GT-01      success  LAS=1 (0.60 MB) json=DSD strat_intervals=0
  [ 1372/6698] HAG-GT-02      success  LAS=1 (0.53 MB) json=DSD strat_intervals=0
  [ 1373/6698] G18-02         success  LAS=4 (37.67 MB) json=DSD strat_intervals=0
  [ 1376/6698] HBG-03         success  LAS=2 (2.47 MB) json=DSD strat_intervals=0
  [ 1380/6698] HBG-04         success  LAS=1 (2.76 MB) json=DSD strat_intervals=0
  [ 1381/6698] HEK-01         success  LAS=1 (0.25 MB) json=DSD strat_intervals=0
  [ 1382/6698] HBG-06         success  LAS=1 (1.05 MB) json=DSD strat_intervals=0
  [ 1383/6698] HBG-05         success  LAS=2 (3.60 MB) json=DSD strat_intervals=0
  [ 1386/6698] HEK-GT-02      success  LAS=1 (0.65 MB) json=DSD strat_intervals=0
  [ 1388/6698] HAW-01         success  LAS=4 (2.08 MB) json=DSD strat_intervals=0
  [ 1389/6698] HEK-GT-01-S2   success  LAS=1 (0.69 MB) json=DSD strat_intervals=0
  [ 1391/6698] HEI-01         success  LAS=2 (2.21 MB) json=DSD strat_intervals=0
  [ 1392/6698] HBG-07         success  LAS=2 (2.88 MB) json=DSD strat_intervals=0
  [ 1393/6698] HBV-01         success  LAS=1 (2.00 MB) json=DSD strat_intervals=0
  [ 1395/6698] HEE-01         success  LAS=1 (6.11 MB) json=DSD strat_intervals=0
  [ 1397/6698] HEU-01-S1      success  LAS=1 (0.10 MB) json=DSD strat_intervals=0
  [ 1399/6698] HAL-01-S1      success  LAS=1 (2.66 MB) json=DSD strat_intervals=0
  [ 1400/6698] progress
  [ 1401/6698] HBG-02-S1      success  LAS=2 (1.74 MB) json=DSD strat_intervals=0
  [ 1403/6698] H16-01         success  LAS=4 (11.16 MB) json=DSD strat_intervals=0
  [ 1405/6698] HEW-01-S1      success  LAS=1 (0.28 MB) json=DSD strat_intervals=0
  [ 1412/6698] HIJ-01         success  LAS=2 (0.97 MB) json=DSD strat_intervals=0
  [ 1417/6698] HGM-01         success  LAS=3 (2.69 MB) json=DSD strat_intervals=0
  [ 1419/6698] HES-01         success  LAS=4 (1.83 MB) json=DSD strat_intervals=0
  [ 1420/6698] HGW-01         success  LAS=2 (3.39 MB) json=DSD strat_intervals=0
  [ 1421/6698] HGL-01         success  LAS=2 (3.00 MB) json=DSD strat_intervals=0
  [ 1422/6698] HLO-01         success  LAS=1 (0.41 MB) json=DSD strat_intervals=0
  [ 1423/6698] HLO-02         success  LAS=1 (0.48 MB) json=DSD strat_intervals=0
  [ 1427/6698] HLD-01         success  LAS=2 (1.47 MB) json=DSD strat_intervals=0
  [ 1432/6698] HOA-01         success  LAS=1 (0.36 MB) json=DSD strat_intervals=0
  [ 1433/6698] HLE-01         success  LAS=3 (2.55 MB) json=DSD strat_intervals=0
  [ 1435/6698] HNS-01         success  LAS=2 (1.82 MB) json=DSD strat_intervals=0
  [ 1437/6698] HOA-03         success  LAS=2 (2.20 MB) json=DSD strat_intervals=0
  [ 1439/6698] HON-GT-01-S1   success  LAS=1 (0.70 MB) json=DSD strat_intervals=0
  [ 1441/6698] HON-GT-01      success  LAS=1 (2.98 MB) json=DSD strat_intervals=0
  [ 1443/6698] HON-GT-01-S2   success  LAS=1 (0.58 MB) json=DSD strat_intervals=0
  [ 1445/6698] HOA-01-S6      success  LAS=2 (0.64 MB) json=DSD strat_intervals=0
  [ 1446/6698] HOK-02         success  LAS=2 (1.27 MB) json=DSD strat_intervals=0
  [ 1447/6698] HND-01         success  LAS=2 (3.25 MB) json=DSD strat_intervals=0
  [ 1448/6698] HON-GT-02      success  LAS=1 (0.67 MB) json=DSD strat_intervals=0
  [ 1449/6698] HOO-01         success  LAS=2 (2.68 MB) json=DSD strat_intervals=0
  [ 1450/6698] progress
  [ 1453/6698] HRL-01         success  LAS=2 (2.95 MB) json=DSD strat_intervals=0
  [ 1457/6698] HRL-02         success  LAS=2 (2.27 MB) json=DSD strat_intervals=0
  [ 1458/6698] HRL-03         success  LAS=3 (1.82 MB) json=DSD strat_intervals=0
  [ 1460/6698] HRL-04         success  LAS=3 (1.96 MB) json=DSD strat_intervals=0
  [ 1462/6698] HRL-06         success  LAS=3 (0.19 MB) json=DSD strat_intervals=0
  [ 1463/6698] HRL-08         success  LAS=2 (1.67 MB) json=DSD strat_intervals=0
  [ 1464/6698] HRS-01         success  LAS=1 (0.43 MB) json=DSD strat_intervals=0
  [ 1465/6698] HRL-05         success  LAS=4 (2.23 MB) json=DSD strat_intervals=0
  [ 1468/6698] HRL-09         success  LAS=2 (2.48 MB) json=DSD strat_intervals=0
  [ 1469/6698] HRS-02-S1      success  LAS=1 (0.42 MB) json=DSD strat_intervals=0
  [ 1471/6698] HRL-07         success  LAS=3 (2.66 MB) json=DSD strat_intervals=0
  [ 1472/6698] HST-02         success  LAS=1 (0.25 MB) json=DSD strat_intervals=0
  [ 1474/6698] HTM-01         success  LAS=1 (0.49 MB) json=DSD strat_intervals=0
  [ 1476/6698] HRL-101        success  LAS=1 (2.01 MB) json=DSD strat_intervals=0
  [ 1477/6698] HSW-01-S1      success  LAS=1 (0.38 MB) json=DSD strat_intervals=0
  [ 1483/6698] HVB-01         success  LAS=2 (2.57 MB) json=DSD strat_intervals=0
  [ 1484/6698] HST-02-S1      success  LAS=2 (4.34 MB) json=DSD strat_intervals=0
  [ 1486/6698] HRV-01         success  LAS=3 (4.09 MB) json=DSD strat_intervals=0
  [ 1491/6698] IJS-01         success  LAS=1 (0.26 MB) json=DSD strat_intervals=0
  [ 1494/6698] IJS-02-S1      success  LAS=1 (0.36 MB) json=DSD strat_intervals=0
  [ 1498/6698] IJD-01         success  LAS=1 (2.02 MB) json=DSD strat_intervals=0
  [ 1500/6698] progress
  [ 1506/6698] HVS-01         success  LAS=3 (4.33 MB) json=DSD strat_intervals=0
  [ 1517/6698] IJM-01         success  LAS=4 (3.67 MB) json=DSD strat_intervals=0
  [ 1518/6698] IJS-19         success  LAS=1 (0.20 MB) json=DSD strat_intervals=0
  [ 1521/6698] IJS-17         success  LAS=1 (0.44 MB) json=DSD strat_intervals=0
  [ 1522/6698] IJS-20-S1      success  LAS=1 (0.31 MB) json=DSD strat_intervals=0
  [ 1525/6698] IJS-15-S3      success  LAS=2 (0.70 MB) json=DSD strat_intervals=0
  [ 1527/6698] IJS-22-S2      success  LAS=1 (0.78 MB) json=DSD strat_intervals=0
  [ 1529/6698] IJS-23         success  LAS=1 (0.35 MB) json=DSD strat_intervals=0
  [ 1532/6698] IJS-26         success  LAS=1 (0.52 MB) json=DSD strat_intervals=0
  [ 1535/6698] IJS-28         success  LAS=1 (0.27 MB) json=DSD strat_intervals=0
  [ 1539/6698] IJS-28-S1      success  LAS=2 (0.66 MB) json=DSD strat_intervals=0
  [ 1540/6698] IJS-32-S1      success  LAS=1 (0.76 MB) json=DSD strat_intervals=0
  [ 1541/6698] IJS-33         success  LAS=1 (0.24 MB) json=DSD strat_intervals=0
  [ 1543/6698] IJS-34         success  LAS=1 (0.32 MB) json=DSD strat_intervals=0
  [ 1544/6698] IJS-29-S1      success  LAS=2 (0.25 MB) json=DSD strat_intervals=0
  [ 1545/6698] IJS-32         success  LAS=1 (0.44 MB) json=DSD strat_intervals=0
  [ 1546/6698] IJS-33-S1      success  LAS=1 (0.46 MB) json=DSD strat_intervals=0
  [ 1547/6698] IJS-34-S1      success  LAS=1 (0.57 MB) json=DSD strat_intervals=0
  [ 1550/6698] IJS-36-S1      success  LAS=1 (0.67 MB) json=DSD strat_intervals=0
  [ 1551/6698] IJS-36         success  LAS=1 (0.27 MB) json=DSD strat_intervals=0
  [ 1553/6698] IJS-36-S2      success  LAS=1 (0.76 MB) json=DSD strat_intervals=0
  [ 1554/6698] IJS-35-S1      success  LAS=2 (0.14 MB) json=DSD strat_intervals=0
  [ 1556/6698] IJS-36-S3      success  LAS=1 (1.09 MB) json=DSD strat_intervals=0
  [ 1557/6698] IJS-38-S1      success  LAS=1 (0.58 MB) json=DSD strat_intervals=0
  [ 1559/6698] IJS-37-S1      success  LAS=1 (0.21 MB) json=DSD strat_intervals=0
  [ 1564/6698] IJS-40-S2      success  LAS=1 (0.04 MB) json=DSD strat_intervals=0
  [ 1569/6698] IJS-43         success  LAS=1 (0.45 MB) json=DSD strat_intervals=0
  [ 1571/6698] IJS-37         success  LAS=1 (0.24 MB) json=DSD strat_intervals=0
  [ 1575/6698] IJS-43-S1      success  LAS=2 (1.58 MB) json=DSD strat_intervals=0
  [ 1576/6698] IJS-46-S1      success  LAS=1 (0.77 MB) json=DSD strat_intervals=0
  [ 1577/6698] IJS-47         success  LAS=1 (0.51 MB) json=DSD strat_intervals=0
  [ 1579/6698] IJS-48         success  LAS=1 (0.26 MB) json=DSD strat_intervals=0
  [ 1581/6698] IJS-48-S2      success  LAS=1 (0.40 MB) json=DSD strat_intervals=0
  [ 1587/6698] IJS-54-S1      success  LAS=1 (0.07 MB) json=DSD strat_intervals=0
  [ 1588/6698] IJS-55         success  LAS=1 (0.22 MB) json=DSD strat_intervals=0
  [ 1589/6698] IJS-49         success  LAS=2 (0.83 MB) json=DSD strat_intervals=0
  [ 1590/6698] IJS-57         success  LAS=1 (0.92 MB) json=DSD strat_intervals=0
  [ 1591/6698] IJS-56         success  LAS=1 (0.82 MB) json=DSD strat_intervals=0
  [ 1592/6698] IJS-58         success  LAS=1 (1.22 MB) json=DSD strat_intervals=0
  [ 1595/6698] IJS-60         success  LAS=1 (0.80 MB) json=DSD strat_intervals=0
  [ 1596/6698] IJS-59         success  LAS=1 (0.82 MB) json=DSD strat_intervals=0
  [ 1598/6698] IJS-62         success  LAS=1 (0.81 MB) json=DSD strat_intervals=0
  [ 1599/6698] IJS-63         success  LAS=1 (1.11 MB) json=DSD strat_intervals=0
  [ 1600/6698] IJS-61         success  LAS=1 (0.82 MB) json=DSD strat_intervals=0
  [ 1604/6698] IJS-57-S1      success  LAS=2 (1.67 MB) json=DSD strat_intervals=0
  [ 1605/6698] IJS-64-S2      success  LAS=1 (0.47 MB) json=DSD strat_intervals=0
  [ 1607/6698] IJS-66         success  LAS=1 (0.86 MB) json=DSD strat_intervals=0
  [ 1609/6698] IJS-65         success  LAS=1 (1.11 MB) json=DSD strat_intervals=0
  [ 1611/6698] J06-04         success  LAS=1 (3.13 MB) json=DSD strat_intervals=0
  [ 1617/6698] J06-A-05       success  LAS=1 (0.85 MB) json=DSD strat_intervals=0
  [ 1622/6698] J06-01-S1      success  LAS=2 (4.61 MB) json=DSD strat_intervals=0
  [ 1625/6698] J06-A-03       success  LAS=1 (5.92 MB) json=DSD strat_intervals=0
  [ 1626/6698] JIP-01         success  LAS=1 (3.56 MB) json=DSD strat_intervals=0
  [ 1627/6698] K01-03         success  LAS=1 (3.32 MB) json=DSD strat_intervals=0
  [ 1630/6698] J06-A-02       success  LAS=1 (5.78 MB) json=DSD strat_intervals=0
  [ 1631/6698] K01-01         success  LAS=3 (2.59 MB) json=DSD strat_intervals=0
  [ 1633/6698] J03-02         success  LAS=3 (11.05 MB) json=DSD strat_intervals=0
  [ 1634/6698] J06-A-04-S2    success  LAS=1 (6.81 MB) json=DSD strat_intervals=0
  [ 1637/6698] J03-01-S1      success  LAS=3 (7.16 MB) json=DSD strat_intervals=0
  [ 1640/6698] JLD-01         success  LAS=4 (3.19 MB) json=DSD strat_intervals=0
  [ 1641/6698] JUT-01         success  LAS=3 (3.68 MB) json=DSD strat_intervals=0
  [ 1642/6698] K01-A-03-S1    success  LAS=1 (1.98 MB) json=DSD strat_intervals=0
  [ 1648/6698] J06-A-01       success  LAS=2 (9.36 MB) json=DSD strat_intervals=0
  [ 1650/6698] progress
  [ 1658/6698] K01-02         success  LAS=3 (9.40 MB) json=DSD strat_intervals=0
  [ 1663/6698] K04-01         success  LAS=1 (1.49 MB) json=DSD strat_intervals=0
  [ 1664/6698] K02-01         success  LAS=3 (9.88 MB) json=DSD strat_intervals=0
  [ 1667/6698] K02-02         success  LAS=3 (7.94 MB) json=DSD strat_intervals=0
  [ 1668/6698] K04-01-S3      success  LAS=1 (1.35 MB) json=DSD strat_intervals=0
  [ 1669/6698] K04-01-S1      success  LAS=1 (1.49 MB) json=DSD strat_intervals=0
  [ 1678/6698] K04-01-S2      success  LAS=1 (1.38 MB) json=DSD strat_intervals=0
  [ 1682/6698] K04-08-S4      success  LAS=2 (1.83 MB) json=DSD strat_intervals=0
  [ 1685/6698] K04-01-S4      success  LAS=2 (7.09 MB) json=DSD strat_intervals=0
  [ 1689/6698] K04-04         success  LAS=2 (3.15 MB) json=DSD strat_intervals=0
  [ 1695/6698] K04-02-S1      success  LAS=3 (8.09 MB) json=DSD strat_intervals=0
  [ 1698/6698] K04-03         success  LAS=4 (6.31 MB) json=DSD strat_intervals=0
  [ 1700/6698] progress
  [ 1705/6698] K05-A-02       success  LAS=2 (0.58 MB) json=DSD strat_intervals=0
  [ 1706/6698] K04-D-01       success  LAS=2 (5.01 MB) json=DSD strat_intervals=0
  [ 1707/6698] K05-11         success  LAS=1 (3.51 MB) json=DSD strat_intervals=0
  [ 1709/6698] K05-02         success  LAS=1 (3.44 MB) json=DSD strat_intervals=0
  [ 1712/6698] K05-04         success  LAS=1 (0.45 MB) json=DSD strat_intervals=0
  [ 1721/6698] K05-12         success  LAS=1 (3.42 MB) json=DSD strat_intervals=0
  [ 1723/6698] K03-02         success  LAS=3 (35.55 MB) json=DSD strat_intervals=0
  [ 1724/6698] K05-B-02       success  LAS=2 (4.20 MB) json=DSD strat_intervals=0
  [ 1725/6698] K05-04-S1      success  LAS=4 (9.62 MB) json=DSD strat_intervals=0
  [ 1728/6698] K04-A-01       success  LAS=3 (8.73 MB) json=DSD strat_intervals=0
  [ 1729/6698] K05-D-01-S1    success  LAS=1 (1.06 MB) json=DSD strat_intervals=0
  [ 1730/6698] K05-ENC-02-S1  success  LAS=1 (0.38 MB) json=DSD strat_intervals=0
  [ 1731/6698] K05-D-02-S1    success  LAS=2 (1.44 MB) json=DSD strat_intervals=0
  [ 1734/6698] K03-01         success  LAS=5 (15.34 MB) json=DSD strat_intervals=0
  [ 1735/6698] K05-ENC-03     success  LAS=1 (0.26 MB) json=DSD strat_intervals=0
  [ 1737/6698] K05-A-01       success  LAS=2 (6.71 MB) json=DSD strat_intervals=0
  [ 1746/6698] K05-01         success  LAS=3 (6.71 MB) json=DSD strat_intervals=0
  [ 1747/6698] K05-D-03       success  LAS=1 (4.30 MB) json=DSD strat_intervals=0
  [ 1749/6698] K05-02-S1      success  LAS=4 (10.32 MB) json=DSD strat_intervals=0
  [ 1750/6698] progress
  [ 1753/6698] K05-ENC-03-S1  success  LAS=1 (4.03 MB) json=DSD strat_intervals=0
  [ 1754/6698] K06-DN-04      success  LAS=1 (0.56 MB) json=DSD strat_intervals=0
  [ 1756/6698] K05-ENC-01     success  LAS=3 (10.10 MB) json=DSD strat_intervals=0
  [ 1758/6698] K06-C-02       success  LAS=1 (1.57 MB) json=DSD strat_intervals=0
  [ 1759/6698] K05-B-01       success  LAS=3 (9.26 MB) json=DSD strat_intervals=0
  [ 1762/6698] K06-D-02       success  LAS=1 (0.43 MB) json=DSD strat_intervals=0
  [ 1764/6698] K05-D-01       success  LAS=3 (10.50 MB) json=DSD strat_intervals=0
  [ 1765/6698] K06-DN-03-S1   success  LAS=1 (2.76 MB) json=DSD strat_intervals=0
  [ 1766/6698] K06-DN-02      success  LAS=2 (3.07 MB) json=DSD strat_intervals=0
  [ 1769/6698] K06-02         success  LAS=3 (6.95 MB) json=DSD strat_intervals=0
  [ 1779/6698] K06-DN-04-S3   success  LAS=2 (8.41 MB) json=DSD strat_intervals=0
  [ 1782/6698] K06-GT-01      success  LAS=2 (4.91 MB) json=DSD strat_intervals=0
  [ 1784/6698] K06-GT-02      success  LAS=1 (4.12 MB) json=DSD strat_intervals=0
  [ 1785/6698] K06-D-01       success  LAS=3 (9.81 MB) json=DSD strat_intervals=0
  [ 1786/6698] K06-C-01       success  LAS=4 (10.53 MB) json=DSD strat_intervals=0
  [ 1787/6698] K07-05         success  LAS=2 (2.54 MB) json=DSD strat_intervals=0
  [ 1789/6698] K06-01         success  LAS=4 (10.53 MB) json=DSD strat_intervals=0
  [ 1791/6698] K07-01         success  LAS=3 (4.14 MB) json=DSD strat_intervals=0
  [ 1793/6698] K07-FA-101-S1  success  LAS=1 (0.38 MB) json=DSD strat_intervals=0
  [ 1794/6698] K06-06         success  LAS=4 (13.70 MB) json=DSD strat_intervals=0
  [ 1795/6698] K06-DN-05      success  LAS=3 (9.76 MB) json=DSD strat_intervals=0
  [ 1796/6698] K07-09         success  LAS=1 (3.20 MB) json=DSD strat_intervals=0
  [ 1797/6698] K07-08         success  LAS=3 (5.79 MB) json=DSD strat_intervals=0
  [ 1798/6698] K07-FA-101     success  LAS=2 (3.12 MB) json=DSD strat_intervals=0
  [ 1799/6698] K07-03         success  LAS=3 (5.20 MB) json=DSD strat_intervals=0
  [ 1800/6698] progress
  [ 1801/6698] K06-08         success  LAS=4 (15.81 MB) json=DSD strat_intervals=0
  [ 1802/6698] K07-10         success  LAS=1 (2.87 MB) json=DSD strat_intervals=0
  [ 1804/6698] K07-07-S3      success  LAS=3 (5.64 MB) json=DSD strat_intervals=0
  [ 1806/6698] K07-FA-103     success  LAS=1 (1.48 MB) json=DSD strat_intervals=0
  [ 1807/6698] K07-FA-102     success  LAS=2 (2.76 MB) json=DSD strat_intervals=0
  [ 1811/6698] K07-FA-104     success  LAS=2 (1.80 MB) json=DSD strat_intervals=0
  [ 1817/6698] K06-N-01       success  LAS=4 (16.19 MB) json=DSD strat_intervals=0
  [ 1818/6698] K06-DN-01      success  LAS=3 (11.18 MB) json=DSD strat_intervals=0
  [ 1819/6698] K07-FA-105     success  LAS=1 (2.98 MB) json=DSD strat_intervals=0
  [ 1821/6698] K07-04         success  LAS=3 (5.78 MB) json=DSD strat_intervals=0
  [ 1824/6698] K07-02         success  LAS=3 (5.84 MB) json=DSD strat_intervals=0
  [ 1825/6698] K08-01         success  LAS=1 (1.55 MB) json=DSD strat_intervals=0
  [ 1826/6698] K08-01-S1      success  LAS=1 (1.55 MB) json=DSD strat_intervals=0
  [ 1829/6698] K07-FB-101     success  LAS=1 (2.96 MB) json=DSD strat_intervals=0
  [ 1834/6698] K07-FA-104-S1  success  LAS=3 (6.27 MB) json=DSD strat_intervals=0
  [ 1842/6698] K08-01-S2      success  LAS=3 (4.96 MB) json=DSD strat_intervals=0
  [ 1843/6698] K08-11         success  LAS=2 (3.55 MB) json=DSD strat_intervals=0
  [ 1845/6698] K08-02         success  LAS=2 (3.57 MB) json=DSD strat_intervals=0
  [ 1849/6698] K08-FA-101-S1  success  LAS=1 (2.20 MB) json=DSD strat_intervals=0
  [ 1850/6698] progress
  [ 1851/6698] K08-03         success  LAS=3 (5.18 MB) json=DSD strat_intervals=0
  [ 1856/6698] K08-08         success  LAS=3 (5.55 MB) json=DSD strat_intervals=0
  [ 1858/6698] K08-09         success  LAS=3 (6.30 MB) json=DSD strat_intervals=0
  [ 1868/6698] K08-07         success  LAS=3 (7.44 MB) json=DSD strat_intervals=0
  [ 1870/6698] K08-06         success  LAS=3 (5.56 MB) json=DSD strat_intervals=0
  [ 1875/6698] K08-FA-304     success  LAS=1 (0.55 MB) json=DSD strat_intervals=0
  [ 1877/6698] K08-FA-305     success  LAS=1 (0.57 MB) json=DSD strat_intervals=0
  [ 1878/6698] K08-FA-201     success  LAS=3 (7.20 MB) json=DSD strat_intervals=0
  [ 1880/6698] K08-FA-202     success  LAS=2 (4.01 MB) json=DSD strat_intervals=0
  [ 1881/6698] K08-FA-302     success  LAS=1 (0.45 MB) json=DSD strat_intervals=0
  [ 1885/6698] K08-FA-301-S3  success  LAS=2 (3.75 MB) json=DSD strat_intervals=0
  [ 1893/6698] K09-03         success  LAS=2 (4.92 MB) json=DSD strat_intervals=0
  [ 1894/6698] K09-01         success  LAS=2 (4.37 MB) json=DSD strat_intervals=0
  [ 1896/6698] K09-02         success  LAS=2 (3.42 MB) json=DSD strat_intervals=0
  [ 1900/6698] progress
  [ 1902/6698] K09AB-A-01     success  LAS=2 (0.28 MB) json=DSD strat_intervals=0
  [ 1907/6698] K09AB-A-02     success  LAS=1 (4.23 MB) json=DSD strat_intervals=0
  [ 1909/6698] K09-06         success  LAS=2 (6.61 MB) json=DSD strat_intervals=0
  [ 1912/6698] K09AB-A-03     success  LAS=1 (5.60 MB) json=DSD strat_intervals=0
  [ 1914/6698] K09-07         success  LAS=1 (5.36 MB) json=DSD strat_intervals=0
  [ 1915/6698] K09AB-A-01-S2  success  LAS=1 (4.62 MB) json=DSD strat_intervals=0
  [ 1917/6698] K09C-A-02      success  LAS=1 (2.82 MB) json=DSD strat_intervals=0
  [ 1923/6698] K09C-A-01      success  LAS=2 (8.31 MB) json=DSD strat_intervals=0
  [ 1927/6698] K10-01-S1      success  LAS=2 (3.58 MB) json=DSD strat_intervals=0
  [ 1928/6698] K10-14         success  LAS=2 (1.58 MB) json=DSD strat_intervals=0
  [ 1930/6698] K10-B-03       success  LAS=1 (0.14 MB) json=DSD strat_intervals=0
  [ 1931/6698] K10-A-01       success  LAS=2 (0.92 MB) json=DSD strat_intervals=0
  [ 1933/6698] K10-07         success  LAS=2 (2.03 MB) json=DSD strat_intervals=0
  [ 1935/6698] K10-B-04       success  LAS=1 (0.31 MB) json=DSD strat_intervals=0
  [ 1936/6698] K10-10         success  LAS=2 (1.37 MB) json=DSD strat_intervals=0
  [ 1938/6698] K10-B-05-S1    success  LAS=1 (0.32 MB) json=DSD strat_intervals=0
  [ 1939/6698] K10-B-01       success  LAS=2 (2.82 MB) json=DSD strat_intervals=0
  [ 1940/6698] K10-02         success  LAS=2 (2.79 MB) json=DSD strat_intervals=0
  [ 1945/6698] K10-03         success  LAS=3 (6.83 MB) json=DSD strat_intervals=0
  [ 1947/6698] K10-B-09       success  LAS=1 (0.09 MB) json=DSD strat_intervals=0
  [ 1949/6698] K10-B-09-S1    success  LAS=1 (3.24 MB) json=DSD strat_intervals=0
  [ 1950/6698] K10-B-07-S2    success  LAS=1 (1.24 MB) json=DSD strat_intervals=0
  [ 1951/6698] K10-11         success  LAS=3 (5.97 MB) json=DSD strat_intervals=0
  [ 1952/6698] K10-12         success  LAS=3 (4.93 MB) json=DSD strat_intervals=0
  [ 1953/6698] K10-C-02       success  LAS=1 (0.34 MB) json=DSD strat_intervals=0
  [ 1955/6698] K10-08         success  LAS=2 (1.39 MB) json=DSD strat_intervals=0
  [ 1957/6698] K10-V-02       success  LAS=2 (4.40 MB) json=DSD strat_intervals=0
  [ 1958/6698] K10-V-01       success  LAS=2 (1.97 MB) json=DSD strat_intervals=0
  [ 1960/6698] K10-C-01       success  LAS=2 (3.99 MB) json=DSD strat_intervals=0
  [ 1961/6698] K11-01         success  LAS=2 (2.17 MB) json=DSD strat_intervals=0
  [ 1962/6698] K11-03         success  LAS=2 (1.94 MB) json=DSD strat_intervals=0
  [ 1963/6698] K11-02         success  LAS=2 (1.89 MB) json=DSD strat_intervals=0
  [ 1965/6698] K11-13         success  LAS=1 (0.47 MB) json=DSD strat_intervals=0
  [ 1966/6698] K11-10         success  LAS=1 (0.53 MB) json=DSD strat_intervals=0
  [ 1967/6698] K11-08         success  LAS=2 (2.34 MB) json=DSD strat_intervals=0
  [ 1971/6698] K11-07         success  LAS=2 (1.84 MB) json=DSD strat_intervals=0
  [ 1975/6698] K11-B-02-S1    success  LAS=2 (1.45 MB) json=DSD strat_intervals=0
  [ 1977/6698] K11-B-01       success  LAS=1 (4.81 MB) json=DSD strat_intervals=0
  [ 1981/6698] K11-06-S1      success  LAS=3 (4.74 MB) json=DSD strat_intervals=0
  [ 1982/6698] K11-B-03-S1    success  LAS=1 (0.84 MB) json=DSD strat_intervals=0
  [ 1983/6698] K11-04         success  LAS=3 (4.82 MB) json=DSD strat_intervals=0
  [ 1984/6698] K11-09         success  LAS=3 (6.47 MB) json=DSD strat_intervals=0
  [ 1990/6698] K12-05-S1      success  LAS=1 (0.54 MB) json=DSD strat_intervals=0
  [ 1996/6698] K12-10         success  LAS=1 (0.74 MB) json=DSD strat_intervals=0
  [ 1997/6698] K12-05         success  LAS=2 (2.50 MB) json=DSD strat_intervals=0
  [ 1999/6698] K12-01         success  LAS=2 (2.88 MB) json=DSD strat_intervals=0
  [ 2000/6698] progress
  [ 2001/6698] K12-04         success  LAS=2 (3.99 MB) json=DSD strat_intervals=0
  [ 2005/6698] K12-A-02       success  LAS=1 (3.83 MB) json=DSD strat_intervals=0
  [ 2008/6698] K12-B-07-S1    success  LAS=1 (0.22 MB) json=DSD strat_intervals=0
  [ 2009/6698] K12-A-01       success  LAS=1 (3.63 MB) json=DSD strat_intervals=0
  [ 2010/6698] K12-B-04       success  LAS=1 (0.57 MB) json=DSD strat_intervals=0
  [ 2011/6698] K12-B-07       success  LAS=1 (0.86 MB) json=DSD strat_intervals=0
  [ 2014/6698] K12-03         success  LAS=3 (8.53 MB) json=DSD strat_intervals=0
  [ 2016/6698] K12-B-02       success  LAS=1 (0.88 MB) json=DSD strat_intervals=0
  [ 2017/6698] K12-A-05       success  LAS=1 (2.44 MB) json=DSD strat_intervals=0
  [ 2018/6698] K12-02         success  LAS=3 (8.58 MB) json=DSD strat_intervals=0
  [ 2024/6698] K12-B-06       success  LAS=1 (5.03 MB) json=DSD strat_intervals=0
  [ 2025/6698] K12-B-01       success  LAS=2 (3.46 MB) json=DSD strat_intervals=0
  [ 2028/6698] K12-A-03       success  LAS=1 (3.83 MB) json=DSD strat_intervals=0
  [ 2030/6698] K12-C-01       success  LAS=1 (2.25 MB) json=DSD strat_intervals=0
  [ 2032/6698] K12-D-02       success  LAS=1 (0.17 MB) json=DSD strat_intervals=0
  [ 2036/6698] K12-B-03       success  LAS=2 (6.45 MB) json=DSD strat_intervals=0
  [ 2037/6698] K12-D-01       success  LAS=1 (3.66 MB) json=DSD strat_intervals=0
  [ 2040/6698] K12-B-05       success  LAS=3 (9.57 MB) json=DSD strat_intervals=0
  [ 2050/6698] progress
  [ 2052/6698] K12-E-01       success  LAS=2 (2.40 MB) json=DSD strat_intervals=0
  [ 2055/6698] K12-A-04       success  LAS=2 (8.05 MB) json=DSD strat_intervals=0
  [ 2056/6698] K13-06         success  LAS=1 (0.35 MB) json=DSD strat_intervals=0
  [ 2058/6698] K13-01         success  LAS=2 (3.81 MB) json=DSD strat_intervals=0
  [ 2060/6698] K13-A-01       success  LAS=1 (1.12 MB) json=DSD strat_intervals=0
  [ 2062/6698] K13-11         success  LAS=2 (1.06 MB) json=DSD strat_intervals=0
  [ 2067/6698] K13-A-02-S2    success  LAS=1 (1.53 MB) json=DSD strat_intervals=0
  [ 2068/6698] K13-10         success  LAS=2 (1.60 MB) json=DSD strat_intervals=0
  [ 2072/6698] K13-03         success  LAS=3 (3.09 MB) json=DSD strat_intervals=0
  [ 2074/6698] K13-05         success  LAS=3 (4.04 MB) json=DSD strat_intervals=0
  [ 2076/6698] K13-14         success  LAS=3 (5.00 MB) json=DSD strat_intervals=0
  [ 2079/6698] K13-12         success  LAS=4 (2.46 MB) json=DSD strat_intervals=0
  [ 2081/6698] K13-02         success  LAS=3 (5.98 MB) json=DSD strat_intervals=0
  [ 2090/6698] K13-A-10       success  LAS=2 (1.39 MB) json=DSD strat_intervals=0
  [ 2092/6698] K13-CF-04-S3   success  LAS=1 (0.38 MB) json=DSD strat_intervals=0
  [ 2096/6698] K13-DE-03      success  LAS=2 (2.57 MB) json=DSD strat_intervals=0
  [ 2100/6698] progress
  [ 2102/6698] K14-03         success  LAS=2 (2.45 MB) json=DSD strat_intervals=0
  [ 2103/6698] K13-I-01       success  LAS=2 (1.50 MB) json=DSD strat_intervals=0
  [ 2104/6698] K14-01         success  LAS=2 (2.20 MB) json=DSD strat_intervals=0
  [ 2106/6698] K13-J-01       success  LAS=2 (1.55 MB) json=DSD strat_intervals=0
  [ 2108/6698] K14-10-S1      success  LAS=2 (0.66 MB) json=DSD strat_intervals=0
  [ 2110/6698] K14-09         success  LAS=3 (1.97 MB) json=DSD strat_intervals=0
  [ 2112/6698] K14-FA-102     success  LAS=1 (0.49 MB) json=DSD strat_intervals=0
  [ 2114/6698] K14-06         success  LAS=2 (3.18 MB) json=DSD strat_intervals=0
  [ 2115/6698] K14-10         success  LAS=2 (1.85 MB) json=DSD strat_intervals=0
  [ 2116/6698] K14-13         success  LAS=1 (0.84 MB) json=DSD strat_intervals=0
  [ 2118/6698] K14-08         success  LAS=2 (2.18 MB) json=DSD strat_intervals=0
  [ 2120/6698] K13-N-01       success  LAS=2 (1.80 MB) json=DSD strat_intervals=0
  [ 2123/6698] K14-07-S2      success  LAS=2 (2.42 MB) json=DSD strat_intervals=0
  [ 2125/6698] K14-02         success  LAS=3 (6.50 MB) json=DSD strat_intervals=0
  [ 2127/6698] K14-05         success  LAS=3 (6.31 MB) json=DSD strat_intervals=0
  [ 2132/6698] K14-FA-101     success  LAS=3 (4.73 MB) json=DSD strat_intervals=0
  [ 2137/6698] K15-03         success  LAS=1 (3.17 MB) json=DSD strat_intervals=0
  [ 2140/6698] K15-01         success  LAS=2 (1.97 MB) json=DSD strat_intervals=0
  [ 2142/6698] K15-05         success  LAS=2 (0.60 MB) json=DSD strat_intervals=0
  [ 2145/6698] K15-02         success  LAS=3 (2.95 MB) json=DSD strat_intervals=0
  [ 2149/6698] K15-10-S2      success  LAS=2 (2.30 MB) json=DSD strat_intervals=0
  [ 2150/6698] K15-08         success  LAS=2 (2.45 MB) json=DSD strat_intervals=0
  [ 2153/6698] K15-FA-101-S1  success  LAS=1 (0.46 MB) json=DSD strat_intervals=0
  [ 2158/6698] K15-14         success  LAS=1 (3.38 MB) json=DSD strat_intervals=0
  [ 2162/6698] K15-03-S1      success  LAS=3 (8.56 MB) json=DSD strat_intervals=0
  [ 2170/6698] K15-07         success  LAS=2 (4.95 MB) json=DSD strat_intervals=0
  [ 2172/6698] K15-04-S2      success  LAS=2 (5.50 MB) json=DSD strat_intervals=0
  [ 2174/6698] K15-FB-101-S2  success  LAS=1 (1.44 MB) json=DSD strat_intervals=0
  [ 2177/6698] K15-09         success  LAS=3 (5.42 MB) json=DSD strat_intervals=0
  [ 2183/6698] K15-FB-106-S3  success  LAS=1 (2.59 MB) json=DSD strat_intervals=0
  [ 2196/6698] K15-FC-103-S1  success  LAS=1 (0.58 MB) json=DSD strat_intervals=0
  [ 2200/6698] progress
  [ 2201/6698] K15-FC-101     success  LAS=2 (5.20 MB) json=DSD strat_intervals=0
  [ 2213/6698] K16-02         success  LAS=1 (1.99 MB) json=DSD strat_intervals=0
  [ 2217/6698] K16-05         success  LAS=1 (1.77 MB) json=DSD strat_intervals=0
  [ 2220/6698] K17-01         success  LAS=2 (3.20 MB) json=DSD strat_intervals=0
  [ 2222/6698] K16-03         success  LAS=3 (2.09 MB) json=DSD strat_intervals=0
  [ 2223/6698] K17-06-S1      success  LAS=2 (2.86 MB) json=DSD strat_intervals=0
  [ 2224/6698] K17-03         success  LAS=2 (3.60 MB) json=DSD strat_intervals=0
  [ 2228/6698] K17-08         success  LAS=2 (1.41 MB) json=DSD strat_intervals=0
  [ 2231/6698] K17-07-S1      success  LAS=2 (2.52 MB) json=DSD strat_intervals=0
  [ 2232/6698] K16-02-S1      success  LAS=4 (6.05 MB) json=DSD strat_intervals=0
  [ 2233/6698] K16-01         success  LAS=2 (3.67 MB) json=DSD strat_intervals=0
  [ 2234/6698] K17-02-S1      success  LAS=2 (3.57 MB) json=DSD strat_intervals=0
  [ 2235/6698] K18-02-A       success  LAS=1 (0.15 MB) json=DSD strat_intervals=0
  [ 2238/6698] K17-04         success  LAS=3 (6.07 MB) json=DSD strat_intervals=0
  [ 2240/6698] K16-04         success  LAS=4 (8.64 MB) json=DSD strat_intervals=0
  [ 2241/6698] K16-05-S1      success  LAS=3 (6.25 MB) json=DSD strat_intervals=0
  [ 2246/6698] K18-01         success  LAS=2 (2.04 MB) json=DSD strat_intervals=0
  [ 2247/6698] K18-06-S1      success  LAS=1 (2.61 MB) json=DSD strat_intervals=0
  [ 2248/6698] K18-04         success  LAS=2 (1.19 MB) json=DSD strat_intervals=0
  [ 2249/6698] K17-05         success  LAS=3 (5.67 MB) json=DSD strat_intervals=0
  [ 2250/6698] progress
  [ 2251/6698] K18-03         success  LAS=3 (2.15 MB) json=DSD strat_intervals=0
  [ 2254/6698] K18-02         success  LAS=2 (2.10 MB) json=DSD strat_intervals=0
  [ 2256/6698] K18-05         success  LAS=2 (3.37 MB) json=DSD strat_intervals=0
  [ 2259/6698] K18-04-S1      success  LAS=2 (1.21 MB) json=DSD strat_intervals=0
  [ 2264/6698] K18-KOTTER-03  success  LAS=1 (0.00 MB) json=DSD strat_intervals=0
  [ 2281/6698] K18-KOTTER-07-S1 success  LAS=1 (2.72 MB) json=DSD strat_intervals=0
  [ 2282/6698] K18-KOTTER-08  success  LAS=1 (2.78 MB) json=DSD strat_intervals=0
  [ 2283/6698] K18-KOTTER-05-S1 success  LAS=2 (5.03 MB) json=DSD strat_intervals=0
  [ 2288/6698] K18-KOTTER-09  success  LAS=1 (2.93 MB) json=DSD strat_intervals=0
  [ 2295/6698] KAM-01-S1      success  LAS=2 (1.56 MB) json=DSD strat_intervals=0
  [ 2300/6698] KDZ-01         success  LAS=1 (0.68 MB) json=DSD strat_intervals=0
  [ 2302/6698] KDK-01         success  LAS=1 (0.30 MB) json=DSD strat_intervals=0
  [ 2303/6698] KKP-GT-01      success  LAS=1 (1.87 MB) json=DSD strat_intervals=0
  [ 2304/6698] KHL-GT-01      success  LAS=1 (0.66 MB) json=DSD strat_intervals=0
  [ 2306/6698] KHL-GT-02      success  LAS=1 (0.62 MB) json=DSD strat_intervals=0
  [ 2309/6698] KKP-GT-02      success  LAS=1 (1.60 MB) json=DSD strat_intervals=0
  [ 2310/6698] KOL-01         success  LAS=1 (0.58 MB) json=DSD strat_intervals=0
  [ 2311/6698] KMP-03         success  LAS=1 (3.55 MB) json=DSD strat_intervals=0
  [ 2313/6698] KMP-02         success  LAS=1 (3.40 MB) json=DSD strat_intervals=0
  [ 2315/6698] KGB-01         success  LAS=3 (5.53 MB) json=DSD strat_intervals=0
  [ 2316/6698] KMP-01         success  LAS=1 (3.01 MB) json=DSD strat_intervals=0
  [ 2317/6698] KHM-01         success  LAS=2 (3.91 MB) json=DSD strat_intervals=0
  [ 2319/6698] KDZ-02-S1      success  LAS=2 (6.71 MB) json=DSD strat_intervals=0
  [ 2322/6698] KPD-01         success  LAS=1 (0.39 MB) json=DSD strat_intervals=0
  [ 2323/6698] KOL-02         success  LAS=2 (4.77 MB) json=DSD strat_intervals=0
  [ 2324/6698] KLH-01         success  LAS=2 (2.58 MB) json=DSD strat_intervals=0
  [ 2332/6698] KRL-01         success  LAS=1 (0.53 MB) json=DSD strat_intervals=0
  [ 2335/6698] KSL-02         success  LAS=1 (0.16 MB) json=DSD strat_intervals=0
  [ 2337/6698] KPK-01         success  LAS=2 (1.27 MB) json=DSD strat_intervals=0
  [ 2339/6698] KRD-01         success  LAS=3 (1.60 MB) json=DSD strat_intervals=0
  [ 2340/6698] KWK-01         success  LAS=2 (3.15 MB) json=DSD strat_intervals=0
  [ 2341/6698] KPD-12         success  LAS=1 (2.53 MB) json=DSD strat_intervals=0
  [ 2342/6698] L01-01         success  LAS=2 (1.87 MB) json=DSD strat_intervals=0
  [ 2343/6698] KTG-01         success  LAS=2 (1.89 MB) json=DSD strat_intervals=0
  [ 2344/6698] L01-02         success  LAS=3 (3.66 MB) json=DSD strat_intervals=0
  [ 2350/6698] progress
  [ 2352/6698] L02-03         success  LAS=3 (3.12 MB) json=DSD strat_intervals=0
  [ 2353/6698] L01-04         success  LAS=2 (5.02 MB) json=DSD strat_intervals=0
  [ 2355/6698] L02-08         success  LAS=1 (4.40 MB) json=DSD strat_intervals=0
  [ 2356/6698] L01-05         success  LAS=2 (1.36 MB) json=DSD strat_intervals=0
  [ 2357/6698] L02-06-S1      success  LAS=2 (5.19 MB) json=DSD strat_intervals=0
  [ 2358/6698] L01-03         success  LAS=3 (4.43 MB) json=DSD strat_intervals=0
  [ 2360/6698] L02-07         success  LAS=2 (3.68 MB) json=DSD strat_intervals=0
  [ 2362/6698] L03-03         success  LAS=2 (5.76 MB) json=DSD strat_intervals=0
  [ 2364/6698] L01-06         success  LAS=3 (6.25 MB) json=DSD strat_intervals=0
  [ 2365/6698] L02-02         success  LAS=3 (6.97 MB) json=DSD strat_intervals=0
  [ 2366/6698] L02-04         success  LAS=3 (4.72 MB) json=DSD strat_intervals=0
  [ 2367/6698] L03-01         success  LAS=3 (4.87 MB) json=DSD strat_intervals=0
  [ 2368/6698] L04-10         success  LAS=1 (4.15 MB) json=DSD strat_intervals=0
  [ 2369/6698] L03-04         success  LAS=2 (9.09 MB) json=DSD strat_intervals=0
  [ 2370/6698] L03-02         success  LAS=2 (4.06 MB) json=DSD strat_intervals=0
  [ 2371/6698] L02-01         success  LAS=3 (6.71 MB) json=DSD strat_intervals=0
  [ 2372/6698] L04-10-S1      success  LAS=1 (4.33 MB) json=DSD strat_intervals=0
  [ 2373/6698] L04-A-03       success  LAS=1 (0.76 MB) json=DSD strat_intervals=0
  [ 2374/6698] L04-A-02-S1    success  LAS=2 (3.17 MB) json=DSD strat_intervals=0
  [ 2376/6698] L02-05         success  LAS=3 (8.76 MB) json=DSD strat_intervals=0
  [ 2379/6698] L04-A-01       success  LAS=4 (4.28 MB) json=DSD strat_intervals=0
  [ 2381/6698] L04-07         success  LAS=2 (4.64 MB) json=DSD strat_intervals=0
  [ 2384/6698] L04-05         success  LAS=2 (5.24 MB) json=DSD strat_intervals=0
  [ 2385/6698] L04-03         success  LAS=3 (8.76 MB) json=DSD strat_intervals=0
  [ 2386/6698] L04-01         success  LAS=4 (13.14 MB) json=DSD strat_intervals=0
  [ 2387/6698] L04-PN-02-S1   success  LAS=1 (1.92 MB) json=DSD strat_intervals=0
  [ 2388/6698] L04-A-03-S2    success  LAS=1 (2.29 MB) json=DSD strat_intervals=0
  [ 2389/6698] L04-A-04       success  LAS=2 (5.97 MB) json=DSD strat_intervals=0
  [ 2390/6698] L04-A-06       success  LAS=2 (4.43 MB) json=DSD strat_intervals=0
  [ 2392/6698] L04-A-05-S1    success  LAS=2 (4.27 MB) json=DSD strat_intervals=0
  [ 2393/6698] L04-04         success  LAS=3 (9.05 MB) json=DSD strat_intervals=0
  [ 2395/6698] L04-G-01-S1    success  LAS=1 (3.40 MB) json=DSD strat_intervals=0
  [ 2396/6698] L04-PN-01      success  LAS=1 (3.64 MB) json=DSD strat_intervals=0
  [ 2397/6698] L04-B-01       success  LAS=2 (5.26 MB) json=DSD strat_intervals=0
  [ 2400/6698] progress
  [ 2402/6698] L05-08         success  LAS=1 (2.88 MB) json=DSD strat_intervals=0
  [ 2403/6698] L05-01         success  LAS=3 (6.17 MB) json=DSD strat_intervals=0
  [ 2404/6698] L05-07         success  LAS=2 (4.14 MB) json=DSD strat_intervals=0
  [ 2406/6698] L04-PN-03      success  LAS=1 (4.52 MB) json=DSD strat_intervals=0
  [ 2411/6698] L04-PN-04-S1   success  LAS=1 (4.46 MB) json=DSD strat_intervals=0
  [ 2414/6698] L05-03         success  LAS=3 (5.05 MB) json=DSD strat_intervals=0
  [ 2415/6698] L04-06         success  LAS=3 (12.03 MB) json=DSD strat_intervals=0
  [ 2418/6698] L05-B-01       success  LAS=2 (4.36 MB) json=DSD strat_intervals=0
  [ 2420/6698] L05-02         success  LAS=4 (4.91 MB) json=DSD strat_intervals=0
  [ 2421/6698] L05-05-S1      success  LAS=3 (9.40 MB) json=DSD strat_intervals=0
  [ 2422/6698] L05-C-01       success  LAS=1 (4.32 MB) json=DSD strat_intervals=0
  [ 2423/6698] L05-FA-101     success  LAS=1 (0.38 MB) json=DSD strat_intervals=0
  [ 2424/6698] L05-06         success  LAS=2 (10.26 MB) json=DSD strat_intervals=0
  [ 2425/6698] L05-04         success  LAS=4 (7.59 MB) json=DSD strat_intervals=0
  [ 2427/6698] L06-05         success  LAS=1 (1.09 MB) json=DSD strat_intervals=0
  [ 2432/6698] L05-C-02-S1    success  LAS=1 (4.56 MB) json=DSD strat_intervals=0
  [ 2433/6698] L06-04-S1      success  LAS=1 (2.99 MB) json=DSD strat_intervals=0
  [ 2434/6698] L05-FA-102-S1  success  LAS=1 (0.73 MB) json=DSD strat_intervals=0
  [ 2435/6698] L05-B-03       success  LAS=1 (4.30 MB) json=DSD strat_intervals=0
  [ 2436/6698] L05-05         success  LAS=2 (8.27 MB) json=DSD strat_intervals=0
  [ 2437/6698] L06-05-S1      success  LAS=1 (3.47 MB) json=DSD strat_intervals=0
  [ 2438/6698] L06-04         success  LAS=1 (3.06 MB) json=DSD strat_intervals=0
  [ 2439/6698] L06-06         success  LAS=1 (4.74 MB) json=DSD strat_intervals=0
  [ 2442/6698] L06-04-S2      success  LAS=1 (3.57 MB) json=DSD strat_intervals=0
  [ 2444/6698] L07-01-S1      success  LAS=2 (7.19 MB) json=DSD strat_intervals=0
  [ 2445/6698] L06-07         success  LAS=1 (4.13 MB) json=DSD strat_intervals=0
  [ 2447/6698] L06-S-01       success  LAS=3 (4.22 MB) json=DSD strat_intervals=0
  [ 2450/6698] progress
  [ 2451/6698] L07-08         success  LAS=1 (2.36 MB) json=DSD strat_intervals=0
  [ 2452/6698] L07-01         success  LAS=2 (3.51 MB) json=DSD strat_intervals=0
  [ 2453/6698] L07-10         success  LAS=2 (1.74 MB) json=DSD strat_intervals=0
  [ 2454/6698] L07-07         success  LAS=2 (2.99 MB) json=DSD strat_intervals=0
  [ 2456/6698] L07-A-01-S1    success  LAS=1 (0.65 MB) json=DSD strat_intervals=0
  [ 2458/6698] L07-06         success  LAS=3 (5.81 MB) json=DSD strat_intervals=0
  [ 2459/6698] L07-B-04       success  LAS=1 (0.43 MB) json=DSD strat_intervals=0
  [ 2460/6698] L07-09-S1      success  LAS=3 (6.41 MB) json=DSD strat_intervals=0
  [ 2461/6698] L07-B-03       success  LAS=1 (0.81 MB) json=DSD strat_intervals=0
  [ 2463/6698] L06-03         success  LAS=2 (2.27 MB) json=DSD strat_intervals=0
  [ 2465/6698] L06-01         success  LAS=4 (11.56 MB) json=DSD strat_intervals=0
  [ 2466/6698] L07-04         success  LAS=4 (9.65 MB) json=DSD strat_intervals=0
  [ 2468/6698] L07-12-S1      success  LAS=2 (5.95 MB) json=DSD strat_intervals=0
  [ 2470/6698] L07-B-06       success  LAS=1 (1.15 MB) json=DSD strat_intervals=0
  [ 2471/6698] L07-B-02       success  LAS=1 (0.95 MB) json=DSD strat_intervals=0
  [ 2472/6698] L05-D-04       success  LAS=1 (13.31 MB) json=DSD strat_intervals=0
  [ 2473/6698] L07-B-01       success  LAS=3 (4.93 MB) json=DSD strat_intervals=0
  [ 2476/6698] L07-B-05       success  LAS=2 (2.66 MB) json=DSD strat_intervals=0
  [ 2477/6698] L07-13         success  LAS=2 (6.96 MB) json=DSD strat_intervals=0
  [ 2478/6698] L07-C-02       success  LAS=2 (2.53 MB) json=DSD strat_intervals=0
  [ 2479/6698] L07-08-S2      success  LAS=4 (8.50 MB) json=DSD strat_intervals=0
  [ 2480/6698] L07-A-01-S2    success  LAS=1 (5.31 MB) json=DSD strat_intervals=0
  [ 2482/6698] L07-05         success  LAS=3 (8.90 MB) json=DSD strat_intervals=0
  [ 2486/6698] L07-D-01       success  LAS=1 (1.02 MB) json=DSD strat_intervals=0
  [ 2487/6698] L07-C-01-S1    success  LAS=3 (6.38 MB) json=DSD strat_intervals=0
  [ 2488/6698] L07-N-02-S4    success  LAS=1 (0.44 MB) json=DSD strat_intervals=0
  [ 2489/6698] L08-05-S1      success  LAS=1 (0.66 MB) json=DSD strat_intervals=0
  [ 2490/6698] L07-H-03       success  LAS=1 (0.72 MB) json=DSD strat_intervals=0
  [ 2491/6698] L08-06         success  LAS=1 (0.15 MB) json=DSD strat_intervals=0
  [ 2492/6698] L07-N-01-S1    success  LAS=2 (7.43 MB) json=DSD strat_intervals=0
  [ 2493/6698] L07-H-02       success  LAS=2 (3.89 MB) json=DSD strat_intervals=0
  [ 2494/6698] L08-10         success  LAS=1 (1.84 MB) json=DSD strat_intervals=0
  [ 2495/6698] L07-N-02       success  LAS=1 (2.82 MB) json=DSD strat_intervals=0
  [ 2497/6698] L07-H-01       success  LAS=2 (6.47 MB) json=DSD strat_intervals=0
  [ 2499/6698] L08-01         success  LAS=1 (1.59 MB) json=DSD strat_intervals=0
  [ 2500/6698] L08-12         success  LAS=1 (0.72 MB) json=DSD strat_intervals=0
  [ 2503/6698] L08-07         success  LAS=2 (4.77 MB) json=DSD strat_intervals=0
  [ 2504/6698] L08-G-01       success  LAS=1 (0.65 MB) json=DSD strat_intervals=0
  [ 2505/6698] L08-10-S1      success  LAS=1 (0.58 MB) json=DSD strat_intervals=0
  [ 2508/6698] L08-06-S1      success  LAS=2 (4.14 MB) json=DSD strat_intervals=0
  [ 2509/6698] L08-09         success  LAS=3 (6.26 MB) json=DSD strat_intervals=0
  [ 2511/6698] L08-15         success  LAS=1 (4.07 MB) json=DSD strat_intervals=0
  [ 2513/6698] L08-G-03       success  LAS=1 (1.65 MB) json=DSD strat_intervals=0
  [ 2514/6698] L08-H-01       success  LAS=1 (0.58 MB) json=DSD strat_intervals=0
  [ 2516/6698] L08-05         success  LAS=2 (6.73 MB) json=DSD strat_intervals=0
  [ 2517/6698] L08-03         success  LAS=3 (8.44 MB) json=DSD strat_intervals=0
  [ 2519/6698] L08-A-01       success  LAS=2 (3.02 MB) json=DSD strat_intervals=0
  [ 2520/6698] L08-H-02-S1    success  LAS=2 (0.90 MB) json=DSD strat_intervals=0
  [ 2521/6698] L08-G-04       success  LAS=1 (1.39 MB) json=DSD strat_intervals=0
  [ 2522/6698] L08-01-S1      success  LAS=3 (7.69 MB) json=DSD strat_intervals=0
  [ 2526/6698] L08-A-02       success  LAS=2 (1.93 MB) json=DSD strat_intervals=0
  [ 2527/6698] L08-02         success  LAS=3 (9.56 MB) json=DSD strat_intervals=0
  [ 2528/6698] L08-04         success  LAS=3 (6.91 MB) json=DSD strat_intervals=0
  [ 2529/6698] L08-P4-01      success  LAS=1 (0.80 MB) json=DSD strat_intervals=0
  [ 2530/6698] L08-P-01       success  LAS=2 (3.35 MB) json=DSD strat_intervals=0
  [ 2531/6698] L08-07-S1      success  LAS=3 (10.42 MB) json=DSD strat_intervals=0
  [ 2532/6698] L09-06         success  LAS=1 (0.03 MB) json=DSD strat_intervals=0
  [ 2533/6698] L08-P-03-S1    success  LAS=1 (4.28 MB) json=DSD strat_intervals=0
  [ 2534/6698] L08-P-01-S1    success  LAS=2 (1.71 MB) json=DSD strat_intervals=0
  [ 2535/6698] L09-04         success  LAS=1 (2.46 MB) json=DSD strat_intervals=0
  [ 2536/6698] L08-11         success  LAS=3 (11.83 MB) json=DSD strat_intervals=0
  [ 2537/6698] L09-09         success  LAS=1 (1.24 MB) json=DSD strat_intervals=0
  [ 2540/6698] L09-05-S1      success  LAS=1 (2.62 MB) json=DSD strat_intervals=0
  [ 2544/6698] L09-05         success  LAS=1 (1.77 MB) json=DSD strat_intervals=0
  [ 2545/6698] L09-12         success  LAS=1 (2.78 MB) json=DSD strat_intervals=0
  [ 2548/6698] L09-06-S1      success  LAS=1 (3.41 MB) json=DSD strat_intervals=0
  [ 2549/6698] L09-08         success  LAS=1 (2.77 MB) json=DSD strat_intervals=0
  [ 2550/6698] progress
  [ 2553/6698] L09-07-S1      success  LAS=1 (3.87 MB) json=DSD strat_intervals=0
  [ 2555/6698] L09-13         success  LAS=1 (3.16 MB) json=DSD strat_intervals=0
  [ 2557/6698] L09-03         success  LAS=3 (6.72 MB) json=DSD strat_intervals=0
  [ 2559/6698] L09-04-S1      success  LAS=2 (9.97 MB) json=DSD strat_intervals=0
  [ 2560/6698] L09-07         success  LAS=1 (2.77 MB) json=DSD strat_intervals=0
  [ 2569/6698] L09-01         success  LAS=2 (7.21 MB) json=DSD strat_intervals=0
  [ 2570/6698] L09-11         success  LAS=1 (2.93 MB) json=DSD strat_intervals=0
  [ 2572/6698] L09-11-S1      success  LAS=2 (5.01 MB) json=DSD strat_intervals=0
  [ 2575/6698] L09-FF-101     success  LAS=1 (2.99 MB) json=DSD strat_intervals=0
  [ 2589/6698] L09-02         success  LAS=5 (10.86 MB) json=DSD strat_intervals=0
  [ 2590/6698] L10-08         success  LAS=2 (3.71 MB) json=DSD strat_intervals=0
  [ 2591/6698] L10-04         success  LAS=2 (3.91 MB) json=DSD strat_intervals=0
  [ 2592/6698] L10-02         success  LAS=2 (2.42 MB) json=DSD strat_intervals=0
  [ 2593/6698] L10-09         success  LAS=2 (2.40 MB) json=DSD strat_intervals=0
  [ 2594/6698] L10-16         success  LAS=1 (0.30 MB) json=DSD strat_intervals=0
  [ 2595/6698] L10-12         success  LAS=2 (2.02 MB) json=DSD strat_intervals=0
  [ 2596/6698] L10-14-S1      success  LAS=1 (0.99 MB) json=DSD strat_intervals=0
  [ 2597/6698] L10-21A        success  LAS=1 (0.34 MB) json=DSD strat_intervals=0
  [ 2599/6698] L10-21         success  LAS=1 (1.41 MB) json=DSD strat_intervals=0
  [ 2600/6698] L10-19-S1      success  LAS=1 (3.43 MB) json=DSD strat_intervals=0
  [ 2601/6698] L10-19         success  LAS=2 (2.23 MB) json=DSD strat_intervals=0
  [ 2602/6698] L10-11         success  LAS=2 (2.69 MB) json=DSD strat_intervals=0
  [ 2604/6698] L10-01         success  LAS=3 (7.68 MB) json=DSD strat_intervals=0
  [ 2606/6698] L10-26         success  LAS=2 (2.88 MB) json=DSD strat_intervals=0
  [ 2607/6698] L10-14         success  LAS=2 (4.96 MB) json=DSD strat_intervals=0
  [ 2609/6698] L10-17         success  LAS=3 (4.32 MB) json=DSD strat_intervals=0
  [ 2612/6698] L10-10         success  LAS=3 (6.23 MB) json=DSD strat_intervals=0
  [ 2613/6698] L10-18         success  LAS=2 (4.74 MB) json=DSD strat_intervals=0
  [ 2617/6698] L10-13         success  LAS=3 (6.02 MB) json=DSD strat_intervals=0
  [ 2618/6698] L10-31         success  LAS=1 (1.17 MB) json=DSD strat_intervals=0
  [ 2620/6698] L10-06         success  LAS=3 (7.02 MB) json=DSD strat_intervals=0
  [ 2626/6698] L10-14-S2      success  LAS=3 (6.08 MB) json=DSD strat_intervals=0
  [ 2627/6698] L10-07         success  LAS=2 (4.32 MB) json=DSD strat_intervals=0
  [ 2629/6698] L10-23         success  LAS=3 (12.80 MB) json=DSD strat_intervals=0
  [ 2632/6698] L10-24         success  LAS=3 (4.50 MB) json=DSD strat_intervals=0
  [ 2633/6698] L10-22         success  LAS=2 (5.91 MB) json=DSD strat_intervals=0
  [ 2634/6698] L10-A-06-S1    success  LAS=1 (0.31 MB) json=DSD strat_intervals=0
  [ 2639/6698] L10-A-01       success  LAS=2 (4.08 MB) json=DSD strat_intervals=0
  [ 2642/6698] L10-A-06       success  LAS=1 (0.69 MB) json=DSD strat_intervals=0
  [ 2643/6698] L10-A-10-S1    success  LAS=1 (0.35 MB) json=DSD strat_intervals=0
  [ 2644/6698] L10-A-08       success  LAS=1 (2.30 MB) json=DSD strat_intervals=0
  [ 2645/6698] L10-B-02       success  LAS=1 (2.30 MB) json=DSD strat_intervals=0
  [ 2646/6698] L10-B-04       success  LAS=1 (0.29 MB) json=DSD strat_intervals=0
  [ 2647/6698] L10-B-08       success  LAS=1 (0.29 MB) json=DSD strat_intervals=0
  [ 2649/6698] L10-A-07-S6    success  LAS=1 (4.10 MB) json=DSD strat_intervals=0
  [ 2650/6698] L10-B-08-S1    success  LAS=1 (0.29 MB) json=DSD strat_intervals=0
  [ 2651/6698] L10-B-07       success  LAS=1 (1.06 MB) json=DSD strat_intervals=0
  [ 2652/6698] L10-B-09       success  LAS=1 (0.30 MB) json=DSD strat_intervals=0
  [ 2653/6698] L10-A-11       success  LAS=1 (0.40 MB) json=DSD strat_intervals=0
  [ 2656/6698] L10-B-05       success  LAS=1 (0.97 MB) json=DSD strat_intervals=0
  [ 2657/6698] L10-B-01       success  LAS=2 (3.68 MB) json=DSD strat_intervals=0
  [ 2659/6698] L10-B-06       success  LAS=2 (5.23 MB) json=DSD strat_intervals=0
  [ 2660/6698] L10-29         success  LAS=3 (15.10 MB) json=DSD strat_intervals=0
  [ 2663/6698] L10-C-03-S1    success  LAS=1 (0.47 MB) json=DSD strat_intervals=0
  [ 2664/6698] L10-27         success  LAS=3 (16.28 MB) json=DSD strat_intervals=0
  [ 2666/6698] L10-C-06-S1    success  LAS=1 (0.17 MB) json=DSD strat_intervals=0
  [ 2668/6698] L10-C-01       success  LAS=2 (4.33 MB) json=DSD strat_intervals=0
  [ 2669/6698] L10-D-01       success  LAS=1 (1.45 MB) json=DSD strat_intervals=0
  [ 2670/6698] L10-C-02-S2    success  LAS=1 (0.36 MB) json=DSD strat_intervals=0
  [ 2672/6698] L10-D-04-S1    success  LAS=1 (0.80 MB) json=DSD strat_intervals=0
  [ 2673/6698] L10-D-05-S1    success  LAS=1 (1.18 MB) json=DSD strat_intervals=0
  [ 2675/6698] L10-D-05       success  LAS=1 (0.45 MB) json=DSD strat_intervals=0
  [ 2676/6698] L10-D-02       success  LAS=1 (2.27 MB) json=DSD strat_intervals=0
  [ 2677/6698] L10-E-04       success  LAS=1 (0.29 MB) json=DSD strat_intervals=0
  [ 2678/6698] L10-E-02       success  LAS=1 (0.05 MB) json=DSD strat_intervals=0
  [ 2679/6698] L10-D-01-S1    success  LAS=2 (4.89 MB) json=DSD strat_intervals=0
  [ 2680/6698] L10-E-06       success  LAS=1 (0.45 MB) json=DSD strat_intervals=0
  [ 2681/6698] L10-E-07-S1    success  LAS=1 (5.00 MB) json=DSD strat_intervals=0
  [ 2684/6698] L10-E-03       success  LAS=2 (1.62 MB) json=DSD strat_intervals=0
  [ 2686/6698] L10-E-08-S1    success  LAS=1 (2.36 MB) json=DSD strat_intervals=0
  [ 2688/6698] L10-E-05       success  LAS=1 (0.25 MB) json=DSD strat_intervals=0
  [ 2689/6698] L10-G-01-S1    success  LAS=1 (0.09 MB) json=DSD strat_intervals=0
  [ 2690/6698] L10-F-03       success  LAS=1 (1.21 MB) json=DSD strat_intervals=0
  [ 2691/6698] L10-E-01       success  LAS=2 (4.34 MB) json=DSD strat_intervals=0
  [ 2694/6698] L10-F-02-S1    success  LAS=2 (1.79 MB) json=DSD strat_intervals=0
  [ 2695/6698] L10-E-08       success  LAS=1 (6.97 MB) json=DSD strat_intervals=0
  [ 2700/6698] progress
  [ 2701/6698] L10-L-01       success  LAS=1 (0.60 MB) json=DSD strat_intervals=0
  [ 2702/6698] L10-L-04       success  LAS=1 (0.45 MB) json=DSD strat_intervals=0
  [ 2703/6698] L10-L-04-S2    success  LAS=1 (0.15 MB) json=DSD strat_intervals=0
  [ 2706/6698] L10-L-02-S1    success  LAS=1 (0.95 MB) json=DSD strat_intervals=0
  [ 2715/6698] L10-F-01       success  LAS=3 (4.26 MB) json=DSD strat_intervals=0
  [ 2716/6698] L10-S-01       success  LAS=1 (1.29 MB) json=DSD strat_intervals=0
  [ 2718/6698] L11-07         success  LAS=2 (2.38 MB) json=DSD strat_intervals=0
  [ 2719/6698] L11-09         success  LAS=1 (1.00 MB) json=DSD strat_intervals=0
  [ 2722/6698] L10-K-01A      success  LAS=2 (13.80 MB) json=DSD strat_intervals=0
  [ 2724/6698] L10-F-04       success  LAS=1 (5.17 MB) json=DSD strat_intervals=0
  [ 2726/6698] L11-03         success  LAS=2 (3.35 MB) json=DSD strat_intervals=0
  [ 2727/6698] L11-04         success  LAS=3 (5.51 MB) json=DSD strat_intervals=0
  [ 2728/6698] L11-01         success  LAS=2 (3.46 MB) json=DSD strat_intervals=0
  [ 2730/6698] L11-08         success  LAS=2 (3.67 MB) json=DSD strat_intervals=0
  [ 2732/6698] L11-A-02       success  LAS=1 (0.91 MB) json=DSD strat_intervals=0
  [ 2733/6698] L10-L-02       success  LAS=2 (6.29 MB) json=DSD strat_intervals=0
  [ 2737/6698] L10-K-01A-S1   success  LAS=2 (13.43 MB) json=DSD strat_intervals=0
  [ 2738/6698] L11-A-01       success  LAS=1 (1.20 MB) json=DSD strat_intervals=0
  [ 2741/6698] L10-L-03-S1    success  LAS=1 (5.74 MB) json=DSD strat_intervals=0
  [ 2747/6698] L10-K-01       success  LAS=2 (5.71 MB) json=DSD strat_intervals=0
  [ 2750/6698] progress
  [ 2751/6698] L10-K-02       success  LAS=3 (15.98 MB) json=DSD strat_intervals=0
  [ 2752/6698] L11-05         success  LAS=3 (7.45 MB) json=DSD strat_intervals=0
  [ 2753/6698] L11B-A-01      success  LAS=2 (4.11 MB) json=DSD strat_intervals=0
  [ 2754/6698] L11B-A-04-S1   success  LAS=1 (1.80 MB) json=DSD strat_intervals=0
  [ 2756/6698] L11-02         success  LAS=3 (7.83 MB) json=DSD strat_intervals=0
  [ 2757/6698] L12-01A        success  LAS=2 (4.10 MB) json=DSD strat_intervals=0
  [ 2758/6698] L13-08-S1      success  LAS=1 (0.50 MB) json=DSD strat_intervals=0
  [ 2760/6698] L12-05         success  LAS=2 (3.59 MB) json=DSD strat_intervals=0
  [ 2762/6698] L13-03         success  LAS=1 (2.87 MB) json=DSD strat_intervals=0
  [ 2764/6698] L12-02         success  LAS=3 (5.38 MB) json=DSD strat_intervals=0
  [ 2765/6698] L13-14         success  LAS=1 (0.71 MB) json=DSD strat_intervals=0
  [ 2766/6698] L12-03         success  LAS=3 (5.44 MB) json=DSD strat_intervals=0
  [ 2773/6698] L13-17         success  LAS=1 (3.02 MB) json=DSD strat_intervals=0
  [ 2775/6698] L11-14         success  LAS=4 (11.20 MB) json=DSD strat_intervals=0
  [ 2777/6698] L13-FC-101-S1  success  LAS=1 (0.49 MB) json=DSD strat_intervals=0
  [ 2779/6698] L13-01         success  LAS=2 (2.95 MB) json=DSD strat_intervals=0
  [ 2781/6698] L13-05         success  LAS=3 (3.39 MB) json=DSD strat_intervals=0
  [ 2782/6698] L13-04         success  LAS=2 (2.64 MB) json=DSD strat_intervals=0
  [ 2783/6698] L13-09         success  LAS=3 (5.24 MB) json=DSD strat_intervals=0
  [ 2790/6698] L13-06         success  LAS=3 (6.94 MB) json=DSD strat_intervals=0
  [ 2791/6698] L12-04         success  LAS=3 (4.37 MB) json=DSD strat_intervals=0
  [ 2792/6698] L13-03-S1      success  LAS=3 (5.35 MB) json=DSD strat_intervals=0
  [ 2800/6698] progress
  [ 2807/6698] L13-02         success  LAS=4 (7.87 MB) json=DSD strat_intervals=0
  [ 2810/6698] L13-FE-101-S1  success  LAS=1 (1.77 MB) json=DSD strat_intervals=0
  [ 2819/6698] L13-FH-101     success  LAS=1 (0.35 MB) json=DSD strat_intervals=0
  [ 2825/6698] L13-FD-101-S3  success  LAS=3 (7.02 MB) json=DSD strat_intervals=0
  [ 2829/6698] L14-06         success  LAS=1 (2.84 MB) json=DSD strat_intervals=0
  [ 2833/6698] L14-04         success  LAS=1 (2.75 MB) json=DSD strat_intervals=0
  [ 2835/6698] L14-A-02       success  LAS=1 (1.54 MB) json=DSD strat_intervals=0
  [ 2843/6698] L14-02         success  LAS=3 (5.22 MB) json=DSD strat_intervals=0
  [ 2846/6698] L14-03         success  LAS=2 (3.82 MB) json=DSD strat_intervals=0
  [ 2850/6698] progress
  [ 2853/6698] L15-04         success  LAS=2 (3.08 MB) json=DSD strat_intervals=0
  [ 2855/6698] L14-A-01       success  LAS=3 (6.71 MB) json=DSD strat_intervals=0
  [ 2856/6698] L14-05         success  LAS=3 (8.92 MB) json=DSD strat_intervals=0
  [ 2857/6698] L15-01         success  LAS=3 (6.56 MB) json=DSD strat_intervals=0
  [ 2863/6698] L15-FA-101     success  LAS=3 (3.81 MB) json=DSD strat_intervals=0
  [ 2864/6698] L15-03         success  LAS=3 (5.03 MB) json=DSD strat_intervals=0
  [ 2865/6698] L16-09         success  LAS=1 (1.14 MB) json=DSD strat_intervals=0
  [ 2866/6698] L16-11         success  LAS=1 (0.43 MB) json=DSD strat_intervals=0
  [ 2869/6698] L16-05         success  LAS=3 (1.81 MB) json=DSD strat_intervals=0
  [ 2874/6698] L16-10         success  LAS=1 (2.59 MB) json=DSD strat_intervals=0
  [ 2875/6698] L16-07         success  LAS=3 (2.31 MB) json=DSD strat_intervals=0
  [ 2877/6698] L16-02-S1      success  LAS=2 (5.56 MB) json=DSD strat_intervals=0
  [ 2878/6698] L16-12         success  LAS=1 (0.46 MB) json=DSD strat_intervals=0
  [ 2882/6698] L16-04         success  LAS=2 (2.55 MB) json=DSD strat_intervals=0
  [ 2883/6698] L16-06         success  LAS=3 (2.27 MB) json=DSD strat_intervals=0
  [ 2884/6698] L16-01         success  LAS=3 (10.20 MB) json=DSD strat_intervals=0
  [ 2886/6698] L16-LOGGER-04-S3 success  LAS=1 (2.47 MB) json=DSD strat_intervals=0
  [ 2894/6698] L16-08         success  LAS=3 (2.98 MB) json=DSD strat_intervals=0
  [ 2896/6698] L16-03         success  LAS=3 (9.04 MB) json=DSD strat_intervals=0
  [ 2900/6698] progress
  [ 2902/6698] LBR-01         success  LAS=1 (0.70 MB) json=DSD strat_intervals=0
  [ 2903/6698] LAD-01         success  LAS=2 (1.11 MB) json=DSD strat_intervals=0
  [ 2904/6698] LED-03         success  LAS=1 (0.14 MB) json=DSD strat_intervals=0
  [ 2906/6698] L17-03         success  LAS=2 (3.64 MB) json=DSD strat_intervals=0
  [ 2907/6698] LEK-01         success  LAS=1 (0.23 MB) json=DSD strat_intervals=0
  [ 2908/6698] LEW-06         success  LAS=1 (0.55 MB) json=DSD strat_intervals=0
  [ 2909/6698] LEL-01         success  LAS=2 (0.63 MB) json=DSD strat_intervals=0
  [ 2910/6698] LEW-02         success  LAS=2 (0.67 MB) json=DSD strat_intervals=0
  [ 2912/6698] LEW-09         success  LAS=1 (0.72 MB) json=DSD strat_intervals=0
  [ 2913/6698] LEW-07         success  LAS=2 (1.78 MB) json=DSD strat_intervals=0
  [ 2915/6698] L17-01         success  LAS=3 (6.92 MB) json=DSD strat_intervals=0
  [ 2916/6698] LEW-08-S1      success  LAS=2 (0.45 MB) json=DSD strat_intervals=0
  [ 2917/6698] L17-02         success  LAS=4 (5.34 MB) json=DSD strat_intervals=0
  [ 2918/6698] LEW-04         success  LAS=3 (0.97 MB) json=DSD strat_intervals=0
  [ 2919/6698] LEW-11         success  LAS=1 (0.11 MB) json=DSD strat_intervals=0
  [ 2920/6698] LEW-101        success  LAS=2 (1.09 MB) json=DSD strat_intervals=0
  [ 2921/6698] LEW-03         success  LAS=3 (1.99 MB) json=DSD strat_intervals=0
  [ 2922/6698] LEW-10         success  LAS=2 (2.10 MB) json=DSD strat_intervals=0
  [ 2923/6698] LEW-102-S1     success  LAS=2 (2.17 MB) json=DSD strat_intervals=0
  [ 2926/6698] LEW-05         success  LAS=4 (3.24 MB) json=DSD strat_intervals=0
  [ 2932/6698] LEW-01         success  LAS=3 (1.40 MB) json=DSD strat_intervals=0
  [ 2933/6698] LEW-11-S1      success  LAS=2 (0.35 MB) json=DSD strat_intervals=0
  [ 2934/6698] LEW-12         success  LAS=2 (1.13 MB) json=DSD strat_intervals=0
  [ 2935/6698] LEW-14         success  LAS=2 (1.15 MB) json=DSD strat_intervals=0
  [ 2936/6698] LEW-13         success  LAS=2 (1.47 MB) json=DSD strat_intervals=0
  [ 2941/6698] LEW-16         success  LAS=3 (0.43 MB) json=DSD strat_intervals=0
  [ 2943/6698] LIR-02-S1      success  LAS=1 (0.34 MB) json=DSD strat_intervals=0
  [ 2950/6698] progress
  [ 2952/6698] LEW-15         success  LAS=4 (1.00 MB) json=DSD strat_intervals=0
  [ 2989/6698] LIR-38         success  LAS=1 (0.16 MB) json=DSD strat_intervals=0
  [ 2993/6698] LIR-41-S1      success  LAS=1 (0.20 MB) json=DSD strat_intervals=0
  [ 2994/6698] LIR-43         success  LAS=1 (0.21 MB) json=DSD strat_intervals=0
  [ 2999/6698] LIR-GT-01      success  LAS=1 (0.64 MB) json=DSD strat_intervals=0
  [ 3000/6698] LIR-40         success  LAS=3 (1.81 MB) json=DSD strat_intervals=0
  [ 3002/6698] LIR-GT-02      success  LAS=1 (0.64 MB) json=DSD strat_intervals=0
  [ 3011/6698] LMB-01         success  LAS=2 (1.96 MB) json=DSD strat_intervals=0
  [ 3012/6698] LNB-01         success  LAS=1 (3.34 MB) json=DSD strat_intervals=0
  [ 3013/6698] LKM-01         success  LAS=2 (2.18 MB) json=DSD strat_intervals=0
  [ 3015/6698] LIR-45         success  LAS=3 (4.07 MB) json=DSD strat_intervals=0
  [ 3016/6698] LNH-01         success  LAS=3 (3.53 MB) json=DSD strat_intervals=0
  [ 3020/6698] LSL-GT-01      success  LAS=1 (1.95 MB) json=DSD strat_intervals=0
  [ 3021/6698] LTG-GT-01      success  LAS=1 (0.43 MB) json=DSD strat_intervals=0
  [ 3022/6698] LTG-GT-02      success  LAS=1 (0.51 MB) json=DSD strat_intervals=0
  [ 3031/6698] LTG-01         success  LAS=1 (4.39 MB) json=DSD strat_intervals=0
  [ 3032/6698] LRM-02         success  LAS=1 (0.26 MB) json=DSD strat_intervals=0
  [ 3033/6698] LSM-01         success  LAS=3 (2.83 MB) json=DSD strat_intervals=0
  [ 3040/6698] LRM-01         success  LAS=2 (2.63 MB) json=DSD strat_intervals=0
  [ 3043/6698] LRM-07         success  LAS=1 (1.14 MB) json=DSD strat_intervals=0
  [ 3050/6698] progress
  [ 3060/6698] LWO-01-S2      success  LAS=1 (5.19 MB) json=DSD strat_intervals=0
  [ 3062/6698] LWO-02         success  LAS=1 (4.85 MB) json=DSD strat_intervals=0
  [ 3063/6698] LUT-06         success  LAS=2 (1.08 MB) json=DSD strat_intervals=0
  [ 3064/6698] LVD-01         success  LAS=3 (2.76 MB) json=DSD strat_intervals=0
  [ 3067/6698] LWS-01         success  LAS=2 (2.19 MB) json=DSD strat_intervals=0
  [ 3068/6698] M01-01         success  LAS=2 (2.63 MB) json=DSD strat_intervals=0
  [ 3070/6698] M07-05         success  LAS=1 (0.12 MB) json=DSD strat_intervals=0
  [ 3071/6698] M01-03         success  LAS=3 (6.62 MB) json=DSD strat_intervals=0
  [ 3073/6698] M05-01         success  LAS=3 (1.92 MB) json=DSD strat_intervals=0
  [ 3076/6698] M04-04         success  LAS=1 (3.50 MB) json=DSD strat_intervals=0
  [ 3079/6698] M07-06         success  LAS=2 (2.48 MB) json=DSD strat_intervals=0
  [ 3080/6698] M03-01         success  LAS=2 (6.38 MB) json=DSD strat_intervals=0
  [ 3082/6698] M04-03         success  LAS=2 (3.93 MB) json=DSD strat_intervals=0
  [ 3084/6698] LZG-03         success  LAS=2 (7.25 MB) json=DSD strat_intervals=0
  [ 3085/6698] M07-05-S1      success  LAS=1 (3.05 MB) json=DSD strat_intervals=0
  [ 3086/6698] M04-02         success  LAS=3 (6.62 MB) json=DSD strat_intervals=0
  [ 3087/6698] M01-02         success  LAS=3 (7.44 MB) json=DSD strat_intervals=0
  [ 3089/6698] M07-A-01-S1    success  LAS=3 (3.40 MB) json=DSD strat_intervals=0
  [ 3092/6698] M07-03         success  LAS=3 (6.73 MB) json=DSD strat_intervals=0
  [ 3093/6698] M05-02         success  LAS=1 (3.53 MB) json=DSD strat_intervals=0
  [ 3094/6698] M07-04         success  LAS=3 (8.71 MB) json=DSD strat_intervals=0
  [ 3096/6698] M04-01         success  LAS=3 (6.74 MB) json=DSD strat_intervals=0
  [ 3097/6698] M08-02         success  LAS=2 (2.49 MB) json=DSD strat_intervals=0
  [ 3098/6698] M09-02         success  LAS=1 (1.29 MB) json=DSD strat_intervals=0
  [ 3100/6698] progress
  [ 3102/6698] M07-01         success  LAS=2 (6.13 MB) json=DSD strat_intervals=0
  [ 3105/6698] M09-02-S1      success  LAS=2 (3.60 MB) json=DSD strat_intervals=0
  [ 3109/6698] M07-02         success  LAS=3 (8.68 MB) json=DSD strat_intervals=0
  [ 3110/6698] M10-02         success  LAS=3 (4.52 MB) json=DSD strat_intervals=0
  [ 3112/6698] MAR-101        success  LAS=2 (2.17 MB) json=DSD strat_intervals=0
  [ 3115/6698] MBN-01         success  LAS=2 (2.79 MB) json=DSD strat_intervals=0
  [ 3116/6698] M09-01         success  LAS=3 (6.94 MB) json=DSD strat_intervals=0
  [ 3117/6698] MAL-01         success  LAS=2 (3.06 MB) json=DSD strat_intervals=0
  [ 3118/6698] MDM-GT-01      success  LAS=1 (0.90 MB) json=DSD strat_intervals=0
  [ 3119/6698] MDM-02-S2      success  LAS=2 (3.21 MB) json=DSD strat_intervals=0
  [ 3120/6698] M11-01         success  LAS=3 (5.79 MB) json=DSD strat_intervals=0
  [ 3121/6698] MDM-GT-02-S2   success  LAS=1 (0.58 MB) json=DSD strat_intervals=0
  [ 3123/6698] MDM-02-S1      success  LAS=3 (4.04 MB) json=DSD strat_intervals=0
  [ 3127/6698] MDM-GT-03      success  LAS=1 (0.49 MB) json=DSD strat_intervals=0
  [ 3130/6698] M08-01         success  LAS=3 (7.19 MB) json=DSD strat_intervals=0
  [ 3133/6698] MDM-GT-06-S2   success  LAS=1 (0.72 MB) json=DSD strat_intervals=0
  [ 3134/6698] MDM-GT-05      success  LAS=1 (1.96 MB) json=DSD strat_intervals=0
  [ 3138/6698] MDM-01         success  LAS=2 (2.56 MB) json=DSD strat_intervals=0
  [ 3141/6698] MDM-GT-04      success  LAS=1 (0.59 MB) json=DSD strat_intervals=0
  [ 3149/6698] MDN-01         success  LAS=1 (0.44 MB) json=DSD strat_intervals=0
  [ 3150/6698] M10-04         success  LAS=4 (18.09 MB) json=DSD strat_intervals=0
  [ 3151/6698] M10-03         success  LAS=4 (8.48 MB) json=DSD strat_intervals=0
  [ 3152/6698] MED-01         success  LAS=1 (0.03 MB) json=DSD strat_intervals=0
  [ 3153/6698] MED-05         success  LAS=1 (0.03 MB) json=DSD strat_intervals=0
  [ 3154/6698] M10-01         success  LAS=4 (5.62 MB) json=DSD strat_intervals=0
  [ 3156/6698] MDZ-01         success  LAS=1 (1.88 MB) json=DSD strat_intervals=0
  [ 3162/6698] MGT-01-S2      success  LAS=1 (3.59 MB) json=DSD strat_intervals=0
  [ 3170/6698] MGT-02         success  LAS=1 (4.08 MB) json=DSD strat_intervals=0
  [ 3172/6698] MEE-01         success  LAS=3 (3.55 MB) json=DSD strat_intervals=0
  [ 3177/6698] MID-302        success  LAS=1 (0.44 MB) json=DSD strat_intervals=0
  [ 3178/6698] MID-301        success  LAS=1 (0.49 MB) json=DSD strat_intervals=0
  [ 3186/6698] MID-201        success  LAS=2 (2.83 MB) json=DSD strat_intervals=0
  [ 3187/6698] MID-101        success  LAS=3 (2.98 MB) json=DSD strat_intervals=0
  [ 3188/6698] MKP-08         success  LAS=1 (0.11 MB) json=DSD strat_intervals=0
  [ 3189/6698] MKP-09         success  LAS=1 (0.40 MB) json=DSD strat_intervals=0
  [ 3190/6698] MKP-10         success  LAS=1 (0.13 MB) json=DSD strat_intervals=0
  [ 3192/6698] MKP-09-S1      success  LAS=2 (0.69 MB) json=DSD strat_intervals=0
  [ 3195/6698] MKP-12-S1      success  LAS=1 (0.06 MB) json=DSD strat_intervals=0
  [ 3196/6698] MKP-12         success  LAS=1 (0.14 MB) json=DSD strat_intervals=0
  [ 3197/6698] MKP-13         success  LAS=1 (0.14 MB) json=DSD strat_intervals=0
  [ 3199/6698] MKO-01-S1      success  LAS=3 (3.76 MB) json=DSD strat_intervals=0
  [ 3200/6698] MKN-01         success  LAS=3 (4.56 MB) json=DSD strat_intervals=0
  [ 3201/6698] MKP-16         success  LAS=1 (0.34 MB) json=DSD strat_intervals=0
  [ 3202/6698] MKP-14         success  LAS=1 (0.33 MB) json=DSD strat_intervals=0
  [ 3205/6698] MKP-15         success  LAS=1 (0.13 MB) json=DSD strat_intervals=0
  [ 3207/6698] MKZ-01         success  LAS=1 (3.57 MB) json=DSD strat_intervals=0
  [ 3208/6698] MKZ-03         success  LAS=1 (3.47 MB) json=DSD strat_intervals=0
  [ 3213/6698] MKP-11         success  LAS=2 (1.28 MB) json=DSD strat_intervals=0
  [ 3217/6698] MLD-GT-01      success  LAS=1 (1.41 MB) json=DSD strat_intervals=0
  [ 3219/6698] MS-BRB         not_found LAS=0 (0.00 MB) json=--- strat_intervals=0  ERR: no ArcGIS match
  [ 3220/6698] MLD-GT-02-S2   success  LAS=1 (0.63 MB) json=DSD strat_intervals=0
  [ 3221/6698] MS-EMM         not_found LAS=0 (0.00 MB) json=--- strat_intervals=0  ERR: no ArcGIS match
  [ 3222/6698] MS-HND         not_found LAS=0 (0.00 MB) json=--- strat_intervals=0  ERR: no ArcGIS match
  [ 3223/6698] MS-JUL         not_found LAS=0 (0.00 MB) json=--- strat_intervals=0  ERR: no ArcGIS match
  [ 3224/6698] MS-LRA         not_found LAS=0 (0.00 MB) json=--- strat_intervals=0  ERR: no ArcGIS match
  [ 3225/6698] MS-MRT         not_found LAS=0 (0.00 MB) json=--- strat_intervals=0  ERR: no ArcGIS match
  [ 3226/6698] MS-NLL         not_found LAS=0 (0.00 MB) json=--- strat_intervals=0  ERR: no ArcGIS match
  [ 3227/6698] MS-ON I        not_found LAS=0 (0.00 MB) json=--- strat_intervals=0  ERR: no ArcGIS match
  [ 3228/6698] MS-ON II       not_found LAS=0 (0.00 MB) json=--- strat_intervals=0  ERR: no ArcGIS match
  [ 3229/6698] MS-ON III      not_found LAS=0 (0.00 MB) json=--- strat_intervals=0  ERR: no ArcGIS match
  [ 3230/6698] MS-ON IV       not_found LAS=0 (0.00 MB) json=--- strat_intervals=0  ERR: no ArcGIS match
  [ 3231/6698] MS-SPH         not_found LAS=0 (0.00 MB) json=--- strat_intervals=0  ERR: no ArcGIS match
  [ 3232/6698] MS-WHM         not_found LAS=0 (0.00 MB) json=--- strat_intervals=0  ERR: no ArcGIS match
  [ 3233/6698] MS-WLL         not_found LAS=0 (0.00 MB) json=--- strat_intervals=0  ERR: no ArcGIS match
  [ 3234/6698] MS-WLL2        not_found LAS=0 (0.00 MB) json=--- strat_intervals=0  ERR: no ArcGIS match
  [ 3236/6698] MLD-GT-02      success  LAS=1 (0.63 MB) json=DSD strat_intervals=0
  [ 3237/6698] MLD-GT-02-S1   success  LAS=1 (0.63 MB) json=DSD strat_intervals=0
  [ 3238/6698] MLD-GT-01-S1   success  LAS=1 (0.73 MB) json=DSD strat_intervals=0
  [ 3240/6698] MNG-01         success  LAS=1 (5.20 MB) json=DSD strat_intervals=0
  [ 3242/6698] MOL-02         success  LAS=1 (3.29 MB) json=DSD strat_intervals=0
  [ 3244/6698] MLA-01         success  LAS=2 (3.51 MB) json=DSD strat_intervals=0
  [ 3247/6698] MNG-01-S2      success  LAS=2 (3.83 MB) json=DSD strat_intervals=0
  [ 3250/6698] MON-02         success  LAS=1 (2.24 MB) json=DSD strat_intervals=0
  [ 3254/6698] MON-03         success  LAS=1 (1.81 MB) json=DSD strat_intervals=0
  [ 3256/6698] MOL-02-S2      success  LAS=2 (3.37 MB) json=DSD strat_intervals=0
  [ 3270/6698] MON-02-S1      success  LAS=4 (3.39 MB) json=DSD strat_intervals=0
  [ 3271/6698] MSG-02         success  LAS=1 (2.18 MB) json=DSD strat_intervals=0
  [ 3272/6698] MSL-01         success  LAS=1 (0.31 MB) json=DSD strat_intervals=0
  [ 3273/6698] MSG-03-S1      success  LAS=1 (4.21 MB) json=DSD strat_intervals=0
  [ 3274/6698] MRK-01         success  LAS=3 (7.19 MB) json=DSD strat_intervals=0
  [ 3275/6698] MSV-01-S1      success  LAS=1 (2.07 MB) json=DSD strat_intervals=0
  [ 3276/6698] MSV-01         success  LAS=2 (2.40 MB) json=DSD strat_intervals=0
  [ 3278/6698] MSG-01         success  LAS=3 (8.46 MB) json=DSD strat_intervals=0
  [ 3281/6698] N05-A-Z-01     not_found LAS=0 (0.00 MB) json=--- strat_intervals=0  ERR: no ArcGIS match
  [ 3289/6698] MSV-01-S2      success  LAS=2 (6.00 MB) json=DSD strat_intervals=0
  [ 3293/6698] MWD-01         success  LAS=1 (0.22 MB) json=DSD strat_intervals=0
  [ 3300/6698] MWD-02         success  LAS=1 (0.42 MB) json=DSD strat_intervals=0
  [ 3301/6698] N07-01         success  LAS=3 (2.28 MB) json=DSD strat_intervals=0
  [ 3303/6698] NBR-03-S1      success  LAS=1 (0.29 MB) json=DSD strat_intervals=0
  [ 3305/6698] N04-01         success  LAS=3 (7.68 MB) json=DSD strat_intervals=0
  [ 3306/6698] N07-04A        success  LAS=1 (2.87 MB) json=DSD strat_intervals=0
  [ 3307/6698] N04-02         success  LAS=3 (11.79 MB) json=DSD strat_intervals=0
  [ 3308/6698] NBR-04-S1      success  LAS=1 (0.29 MB) json=DSD strat_intervals=0
  [ 3309/6698] N07-FA-103     success  LAS=1 (3.91 MB) json=DSD strat_intervals=0
  [ 3310/6698] N07-02         success  LAS=2 (7.33 MB) json=DSD strat_intervals=0
  [ 3311/6698] NBG-01         success  LAS=2 (1.86 MB) json=DSD strat_intervals=0
  [ 3313/6698] NAG-01         success  LAS=2 (3.07 MB) json=DSD strat_intervals=0
  [ 3319/6698] NBR-01         success  LAS=1 (0.39 MB) json=DSD strat_intervals=0
  [ 3325/6698] NDP-01         success  LAS=2 (2.06 MB) json=DSD strat_intervals=0
  [ 3328/6698] NGA-02         success  LAS=1 (1.23 MB) json=DSD strat_intervals=0
  [ 3329/6698] NGA-01A        success  LAS=2 (0.32 MB) json=DSD strat_intervals=0
  [ 3331/6698] NGA-02-S2      success  LAS=1 (0.48 MB) json=DSD strat_intervals=0
  [ 3335/6698] NDW-01         success  LAS=3 (3.14 MB) json=DSD strat_intervals=0
  [ 3337/6698] NGA-03         success  LAS=2 (1.38 MB) json=DSD strat_intervals=0
  [ 3338/6698] NGA-06         success  LAS=2 (1.39 MB) json=DSD strat_intervals=0
  [ 3339/6698] NGA-09         success  LAS=1 (0.57 MB) json=DSD strat_intervals=0
  [ 3340/6698] NGA-01         success  LAS=4 (1.92 MB) json=DSD strat_intervals=0
  [ 3341/6698] NGA-07         success  LAS=2 (1.34 MB) json=DSD strat_intervals=0
  [ 3342/6698] NGA-05         success  LAS=2 (1.38 MB) json=DSD strat_intervals=0
  [ 3343/6698] NKK-01         success  LAS=1 (0.36 MB) json=DSD strat_intervals=0
  [ 3344/6698] NGA-04         success  LAS=3 (3.63 MB) json=DSD strat_intervals=0
  [ 3345/6698] NLW-GT-02-S1   success  LAS=1 (0.59 MB) json=DSD strat_intervals=0
  [ 3347/6698] NLW-GT-01      success  LAS=1 (4.98 MB) json=DSD strat_intervals=0
  [ 3349/6698] NLW-GT-03      success  LAS=1 (0.56 MB) json=DSD strat_intervals=0
  [ 3350/6698] progress
  [ 3351/6698] NGA-08         success  LAS=2 (0.98 MB) json=DSD strat_intervals=0
  [ 3355/6698] NLW-GT-03-S1   success  LAS=1 (2.40 MB) json=DSD strat_intervals=0
  [ 3357/6698] NLM-01         success  LAS=3 (3.77 MB) json=DSD strat_intervals=0
  [ 3362/6698] NLW-GT-04      success  LAS=1 (0.66 MB) json=DSD strat_intervals=0
  [ 3372/6698] NOR-05         success  LAS=1 (0.55 MB) json=DSD strat_intervals=0
  [ 3373/6698] NOR-02         success  LAS=1 (0.41 MB) json=DSD strat_intervals=0
  [ 3377/6698] NOR-06         success  LAS=1 (3.42 MB) json=DSD strat_intervals=0
  [ 3378/6698] NOR-01         success  LAS=2 (2.79 MB) json=DSD strat_intervals=0
  [ 3379/6698] NOR-04         success  LAS=1 (2.41 MB) json=DSD strat_intervals=0
  [ 3381/6698] NOR-03         success  LAS=2 (3.10 MB) json=DSD strat_intervals=0
  [ 3382/6698] NOR-35         success  LAS=1 (3.03 MB) json=DSD strat_intervals=0
  [ 3384/6698] NOR-21         success  LAS=1 (2.88 MB) json=DSD strat_intervals=0
  [ 3385/6698] NOR-33         success  LAS=1 (2.51 MB) json=DSD strat_intervals=0
  [ 3386/6698] NOR-23         success  LAS=1 (2.52 MB) json=DSD strat_intervals=0
  [ 3392/6698] NVG-01         success  LAS=1 (0.17 MB) json=DSD strat_intervals=0
  [ 3393/6698] NRD-01         success  LAS=1 (2.67 MB) json=DSD strat_intervals=0
  [ 3394/6698] NSL-01         success  LAS=2 (2.36 MB) json=DSD strat_intervals=0
  [ 3395/6698] NSN-01         success  LAS=2 (2.55 MB) json=DSD strat_intervals=0
  [ 3397/6698] NWD-01         success  LAS=3 (3.31 MB) json=DSD strat_intervals=0
  [ 3398/6698] NRZ-01         success  LAS=4 (10.45 MB) json=DSD strat_intervals=0
  [ 3400/6698] progress
  [ 3403/6698] O18-01         success  LAS=2 (3.89 MB) json=DSD strat_intervals=0
  [ 3404/6698] NWK-02         success  LAS=2 (2.88 MB) json=DSD strat_intervals=0
  [ 3409/6698] OBD-01         success  LAS=3 (2.34 MB) json=DSD strat_intervals=0
  [ 3412/6698] NWS-01         success  LAS=1 (0.37 MB) json=DSD strat_intervals=0
  [ 3414/6698] OBL-01         success  LAS=2 (2.70 MB) json=DSD strat_intervals=0
  [ 3415/6698] OBD-02         success  LAS=4 (1.89 MB) json=DSD strat_intervals=0
  [ 3416/6698] OFL-01         success  LAS=1 (0.30 MB) json=DSD strat_intervals=0
  [ 3417/6698] ODP-01         success  LAS=2 (3.49 MB) json=DSD strat_intervals=0
  [ 3419/6698] OIS-01         success  LAS=1 (0.46 MB) json=DSD strat_intervals=0
  [ 3422/6698] ODS-01         success  LAS=2 (2.79 MB) json=DSD strat_intervals=0
  [ 3428/6698] OIW-01         success  LAS=2 (0.45 MB) json=DSD strat_intervals=0
  [ 3429/6698] OLZ-02         success  LAS=1 (0.16 MB) json=DSD strat_intervals=0
  [ 3431/6698] OLZ-06         success  LAS=1 (0.24 MB) json=DSD strat_intervals=0
  [ 3432/6698] OLZ-07         success  LAS=1 (0.20 MB) json=DSD strat_intervals=0
  [ 3436/6698] OLZ-08-S1      success  LAS=1 (0.39 MB) json=DSD strat_intervals=0
  [ 3437/6698] OLR-01         success  LAS=3 (4.69 MB) json=DSD strat_intervals=0
  [ 3438/6698] OBLZ-01        success  LAS=4 (10.42 MB) json=DSD strat_intervals=0
  [ 3440/6698] OMM-03         success  LAS=2 (2.71 MB) json=DSD strat_intervals=0
  [ 3442/6698] OLD-01         success  LAS=2 (2.53 MB) json=DSD strat_intervals=0
  [ 3445/6698] OPE-04         success  LAS=2 (1.31 MB) json=DSD strat_intervals=0
  [ 3446/6698] OPE-01         success  LAS=4 (4.06 MB) json=DSD strat_intervals=0
  [ 3450/6698] OPK-02         success  LAS=1 (0.30 MB) json=DSD strat_intervals=0
  [ 3454/6698] OPK-01         success  LAS=2 (3.90 MB) json=DSD strat_intervals=0
  [ 3455/6698] OPH-01         success  LAS=3 (3.66 MB) json=DSD strat_intervals=0
  [ 3456/6698] OPE-07-S1      success  LAS=3 (5.23 MB) json=DSD strat_intervals=0
  [ 3457/6698] OPE-03         success  LAS=3 (3.05 MB) json=DSD strat_intervals=0
  [ 3458/6698] OPE-02         success  LAS=3 (4.23 MB) json=DSD strat_intervals=0
  [ 3460/6698] OPE-05         success  LAS=3 (4.36 MB) json=DSD strat_intervals=0
  [ 3461/6698] OPE-06         success  LAS=3 (3.30 MB) json=DSD strat_intervals=0
  [ 3465/6698] ORO-01         success  LAS=1 (2.34 MB) json=DSD strat_intervals=0
  [ 3469/6698] OSH-02-S1      success  LAS=1 (0.64 MB) json=DSD strat_intervals=0
  [ 3471/6698] OSH-02         success  LAS=1 (0.48 MB) json=DSD strat_intervals=0
  [ 3472/6698] OPO-01         success  LAS=2 (3.02 MB) json=DSD strat_intervals=0
  [ 3474/6698] OSH-01         success  LAS=2 (3.36 MB) json=DSD strat_intervals=0
  [ 3478/6698] OTL-01-S2      success  LAS=1 (2.52 MB) json=DSD strat_intervals=0
  [ 3479/6698] OVE-01         success  LAS=1 (0.22 MB) json=DSD strat_intervals=0
  [ 3480/6698] OTL-01-S1      success  LAS=1 (2.19 MB) json=DSD strat_intervals=0
  [ 3481/6698] OTL-01         success  LAS=2 (2.99 MB) json=DSD strat_intervals=0
  [ 3486/6698] OWD-01         success  LAS=1 (2.33 MB) json=DSD strat_intervals=0
  [ 3492/6698] OVS-03         success  LAS=1 (0.81 MB) json=DSD strat_intervals=0
  [ 3494/6698] OZD-01         success  LAS=1 (3.13 MB) json=DSD strat_intervals=0
  [ 3500/6698] OVS-01         success  LAS=2 (2.55 MB) json=DSD strat_intervals=0
  [ 3503/6698] OWG-01         success  LAS=2 (2.59 MB) json=DSD strat_intervals=0
  [ 3505/6698] OWG-08         success  LAS=1 (0.52 MB) json=DSD strat_intervals=0
  [ 3509/6698] P01-01         success  LAS=2 (3.04 MB) json=DSD strat_intervals=0
  [ 3510/6698] P01-05         success  LAS=1 (0.14 MB) json=DSD strat_intervals=0
  [ 3511/6698] P01-08         success  LAS=1 (1.72 MB) json=DSD strat_intervals=0
  [ 3512/6698] P02-04         success  LAS=1 (0.31 MB) json=DSD strat_intervals=0
  [ 3513/6698] P01-03         success  LAS=3 (4.16 MB) json=DSD strat_intervals=0
  [ 3514/6698] P02-07         success  LAS=1 (0.02 MB) json=DSD strat_intervals=0
  [ 3515/6698] P01-04         success  LAS=3 (2.87 MB) json=DSD strat_intervals=0
  [ 3516/6698] P01-02         success  LAS=3 (5.88 MB) json=DSD strat_intervals=0
  [ 3520/6698] P02-02         success  LAS=2 (4.34 MB) json=DSD strat_intervals=0
  [ 3524/6698] P02-NE-02-S2   success  LAS=1 (0.33 MB) json=DSD strat_intervals=0
  [ 3525/6698] P01-06         success  LAS=4 (9.92 MB) json=DSD strat_intervals=0
  [ 3527/6698] P01-05-S1      success  LAS=3 (4.60 MB) json=DSD strat_intervals=0
  [ 3530/6698] P02-06         success  LAS=2 (2.27 MB) json=DSD strat_intervals=0
  [ 3531/6698] P02-01         success  LAS=3 (7.26 MB) json=DSD strat_intervals=0
  [ 3532/6698] P01-07         success  LAS=3 (6.04 MB) json=DSD strat_intervals=0
  [ 3533/6698] P02-04-S1      success  LAS=3 (4.82 MB) json=DSD strat_intervals=0
  [ 3534/6698] P02-03         success  LAS=4 (6.41 MB) json=DSD strat_intervals=0
  [ 3536/6698] P02-09         success  LAS=3 (3.26 MB) json=DSD strat_intervals=0
  [ 3538/6698] P02-07-S2      success  LAS=3 (10.07 MB) json=DSD strat_intervals=0
  [ 3540/6698] P03-04-S3      success  LAS=1 (0.50 MB) json=DSD strat_intervals=0
  [ 3541/6698] P02-08         success  LAS=3 (4.53 MB) json=DSD strat_intervals=0
  [ 3542/6698] P02-05         success  LAS=4 (5.94 MB) json=DSD strat_intervals=0
  [ 3543/6698] P03-03         success  LAS=2 (1.74 MB) json=DSD strat_intervals=0
  [ 3544/6698] P05-06         success  LAS=1 (0.14 MB) json=DSD strat_intervals=0
  [ 3545/6698] P05-01         success  LAS=2 (3.88 MB) json=DSD strat_intervals=0
  [ 3547/6698] P06-04         success  LAS=1 (0.29 MB) json=DSD strat_intervals=0
  [ 3548/6698] P05-07         success  LAS=1 (1.92 MB) json=DSD strat_intervals=0
  [ 3549/6698] P05-04         success  LAS=2 (1.30 MB) json=DSD strat_intervals=0
  [ 3550/6698] progress
  [ 3552/6698] P03-02-S1      success  LAS=3 (2.55 MB) json=DSD strat_intervals=0
  [ 3554/6698] P05-06-S1      success  LAS=1 (0.40 MB) json=DSD strat_intervals=0
  [ 3558/6698] P04-01         success  LAS=4 (8.38 MB) json=DSD strat_intervals=0
  [ 3560/6698] P06-06         success  LAS=2 (2.21 MB) json=DSD strat_intervals=0
  [ 3564/6698] P06-07-S1      success  LAS=3 (3.52 MB) json=DSD strat_intervals=0
  [ 3565/6698] P05-02         success  LAS=4 (5.32 MB) json=DSD strat_intervals=0
  [ 3566/6698] P06-02         success  LAS=2 (3.08 MB) json=DSD strat_intervals=0
  [ 3568/6698] P06-01         success  LAS=3 (7.04 MB) json=DSD strat_intervals=0
  [ 3570/6698] P06-04A        success  LAS=3 (8.39 MB) json=DSD strat_intervals=0
  [ 3572/6698] P06-A-04       success  LAS=1 (3.75 MB) json=DSD strat_intervals=0
  [ 3574/6698] P03-01         success  LAS=5 (6.72 MB) json=DSD strat_intervals=0
  [ 3575/6698] P06-A-05-S1    success  LAS=2 (2.50 MB) json=DSD strat_intervals=0
  [ 3576/6698] P05-05         success  LAS=4 (9.45 MB) json=DSD strat_intervals=0
  [ 3577/6698] P06-B-02       success  LAS=1 (1.65 MB) json=DSD strat_intervals=0
  [ 3578/6698] P06-B-01       success  LAS=2 (4.00 MB) json=DSD strat_intervals=0
  [ 3580/6698] P06-A-05       success  LAS=2 (2.75 MB) json=DSD strat_intervals=0
  [ 3581/6698] P06-B-03       success  LAS=1 (1.12 MB) json=DSD strat_intervals=0
  [ 3582/6698] P06-C-01-S2    success  LAS=1 (1.58 MB) json=DSD strat_intervals=0
  [ 3584/6698] P06-A-03       success  LAS=1 (3.74 MB) json=DSD strat_intervals=0
  [ 3585/6698] P06-A-06       success  LAS=1 (3.59 MB) json=DSD strat_intervals=0
  [ 3586/6698] P05-03         success  LAS=3 (2.45 MB) json=DSD strat_intervals=0
  [ 3587/6698] P06-C-02       success  LAS=2 (0.74 MB) json=DSD strat_intervals=0
  [ 3588/6698] P06-A-02-S1    success  LAS=1 (5.60 MB) json=DSD strat_intervals=0
  [ 3589/6698] P06-A-01-S4    success  LAS=1 (4.19 MB) json=DSD strat_intervals=0
  [ 3591/6698] P06-B-04       success  LAS=1 (3.24 MB) json=DSD strat_intervals=0
  [ 3593/6698] P07-01         success  LAS=3 (3.28 MB) json=DSD strat_intervals=0
  [ 3595/6698] P08-05         success  LAS=2 (0.56 MB) json=DSD strat_intervals=0
  [ 3600/6698] progress
  [ 3602/6698] P08-03-S2      success  LAS=3 (4.10 MB) json=DSD strat_intervals=0
  [ 3605/6698] P08-06         success  LAS=2 (5.29 MB) json=DSD strat_intervals=0
  [ 3606/6698] P09-07         success  LAS=1 (0.41 MB) json=DSD strat_intervals=0
  [ 3607/6698] P09-HORIZON-A-01-S1 success  LAS=1 (0.11 MB) json=DSD strat_intervals=0
  [ 3608/6698] P08-05-S2      success  LAS=1 (1.83 MB) json=DSD strat_intervals=0
  [ 3613/6698] P06-S-01       success  LAS=4 (8.53 MB) json=DSD strat_intervals=0
  [ 3614/6698] P08-02         success  LAS=7 (6.81 MB) json=DSD strat_intervals=0
  [ 3618/6698] P09-02         success  LAS=4 (4.95 MB) json=DSD strat_intervals=0
  [ 3620/6698] P09-05         success  LAS=3 (3.46 MB) json=DSD strat_intervals=0
  [ 3621/6698] P08-05-S1      success  LAS=4 (5.20 MB) json=DSD strat_intervals=0
  [ 3624/6698] P09-01A        success  LAS=3 (6.82 MB) json=DSD strat_intervals=0
  [ 3625/6698] P08-01         success  LAS=3 (6.08 MB) json=DSD strat_intervals=0
  [ 3626/6698] P09-03         success  LAS=3 (3.23 MB) json=DSD strat_intervals=0
  [ 3628/6698] P10-03         success  LAS=1 (0.91 MB) json=DSD strat_intervals=0
  [ 3633/6698] P09-04         success  LAS=3 (4.32 MB) json=DSD strat_intervals=0
  [ 3634/6698] P10-04         success  LAS=1 (1.55 MB) json=DSD strat_intervals=0
  [ 3637/6698] P08-04         success  LAS=3 (5.16 MB) json=DSD strat_intervals=0
  [ 3638/6698] P10-05         success  LAS=1 (2.07 MB) json=DSD strat_intervals=0
  [ 3641/6698] P11-04         success  LAS=1 (1.50 MB) json=DSD strat_intervals=0
  [ 3642/6698] P10-01         success  LAS=3 (3.92 MB) json=DSD strat_intervals=0
  [ 3643/6698] P10-02         success  LAS=3 (2.59 MB) json=DSD strat_intervals=0
  [ 3644/6698] P11-05         success  LAS=1 (1.71 MB) json=DSD strat_intervals=0
  [ 3646/6698] P11-A-01       success  LAS=1 (1.58 MB) json=DSD strat_intervals=0
  [ 3650/6698] progress
  [ 3653/6698] P11-A-03       success  LAS=1 (1.14 MB) json=DSD strat_intervals=0
  [ 3654/6698] P11-A-03-S1    success  LAS=1 (1.20 MB) json=DSD strat_intervals=0
  [ 3656/6698] P11-A-02A      success  LAS=1 (1.40 MB) json=DSD strat_intervals=0
  [ 3657/6698] P11-A-03-S2    success  LAS=1 (0.36 MB) json=DSD strat_intervals=0
  [ 3658/6698] P11-01         success  LAS=3 (3.58 MB) json=DSD strat_intervals=0
  [ 3661/6698] P11-02         success  LAS=3 (5.52 MB) json=DSD strat_intervals=0
  [ 3664/6698] P12-C-01       success  LAS=1 (0.19 MB) json=DSD strat_intervals=0
  [ 3666/6698] P11-03         success  LAS=4 (6.69 MB) json=DSD strat_intervals=0
  [ 3668/6698] P12-04         success  LAS=2 (1.97 MB) json=DSD strat_intervals=0
  [ 3670/6698] P12-A-01       success  LAS=2 (2.39 MB) json=DSD strat_intervals=0
  [ 3671/6698] P12-C-03-S1    success  LAS=1 (0.07 MB) json=DSD strat_intervals=0
  [ 3672/6698] P12-SW-10      success  LAS=1 (0.13 MB) json=DSD strat_intervals=0
  [ 3674/6698] P12-01         success  LAS=3 (4.47 MB) json=DSD strat_intervals=0
  [ 3675/6698] P12-03         success  LAS=3 (4.10 MB) json=DSD strat_intervals=0
  [ 3676/6698] P12-08-S2      success  LAS=1 (5.25 MB) json=DSD strat_intervals=0
  [ 3677/6698] P12-08         success  LAS=1 (0.52 MB) json=DSD strat_intervals=0
  [ 3678/6698] P12-12         success  LAS=3 (4.27 MB) json=DSD strat_intervals=0
  [ 3679/6698] P12-11         success  LAS=3 (3.64 MB) json=DSD strat_intervals=0
  [ 3680/6698] P12-07         success  LAS=4 (8.04 MB) json=DSD strat_intervals=0
  [ 3682/6698] P13-01         success  LAS=2 (3.03 MB) json=DSD strat_intervals=0
  [ 3683/6698] P13-02         success  LAS=3 (2.16 MB) json=DSD strat_intervals=0
  [ 3684/6698] P15-08-S1      success  LAS=1 (0.55 MB) json=DSD strat_intervals=0
  [ 3685/6698] P12-C-02       success  LAS=3 (6.23 MB) json=DSD strat_intervals=0
  [ 3687/6698] P12-SW-05-S2   success  LAS=2 (5.67 MB) json=DSD strat_intervals=0
  [ 3688/6698] P15-05         success  LAS=2 (1.17 MB) json=DSD strat_intervals=0
  [ 3690/6698] P15-08         success  LAS=1 (0.94 MB) json=DSD strat_intervals=0
  [ 3691/6698] P15-15         success  LAS=1 (1.91 MB) json=DSD strat_intervals=0
  [ 3695/6698] P15-14         success  LAS=1 (2.54 MB) json=DSD strat_intervals=0
  [ 3696/6698] P15-06         success  LAS=3 (2.25 MB) json=DSD strat_intervals=0
  [ 3698/6698] P15-02         success  LAS=1 (3.61 MB) json=DSD strat_intervals=0
  [ 3699/6698] P15-06-S1      success  LAS=2 (1.63 MB) json=DSD strat_intervals=0
  [ 3700/6698] P15-E-01-S1    success  LAS=1 (2.58 MB) json=DSD strat_intervals=0
  [ 3701/6698] P15-01         success  LAS=2 (5.91 MB) json=DSD strat_intervals=0
  [ 3702/6698] P14-A-01       success  LAS=3 (6.25 MB) json=DSD strat_intervals=0
  [ 3703/6698] P15-F-01       success  LAS=1 (2.66 MB) json=DSD strat_intervals=0
  [ 3704/6698] P15-10         success  LAS=1 (5.23 MB) json=DSD strat_intervals=0
  [ 3705/6698] P15-RIJN-A-02  success  LAS=1 (0.19 MB) json=DSD strat_intervals=0
  [ 3706/6698] P15-16         success  LAS=3 (1.73 MB) json=DSD strat_intervals=0
  [ 3708/6698] P15-17         success  LAS=2 (6.42 MB) json=DSD strat_intervals=0
  [ 3714/6698] P15-07         success  LAS=2 (3.73 MB) json=DSD strat_intervals=0
  [ 3715/6698] P15-RIJN-A-05  success  LAS=1 (0.66 MB) json=DSD strat_intervals=0
  [ 3717/6698] P15-RIJN-A-04  success  LAS=1 (2.49 MB) json=DSD strat_intervals=0
  [ 3718/6698] P15-RIJN-A-06-S1 success  LAS=1 (0.56 MB) json=DSD strat_intervals=0
  [ 3720/6698] P15-RIJN-A-07-S1 success  LAS=1 (0.86 MB) json=DSD strat_intervals=0
  [ 3725/6698] P15-RIJN-A-13-S2 success  LAS=1 (0.15 MB) json=DSD strat_intervals=0
  [ 3728/6698] P15-RIJN-A-13-S3 success  LAS=1 (0.42 MB) json=DSD strat_intervals=0
  [ 3734/6698] P15-RIJN-B-01  success  LAS=1 (0.86 MB) json=DSD strat_intervals=0
  [ 3738/6698] P15-RIJN-A-13-S4 success  LAS=1 (1.38 MB) json=DSD strat_intervals=0
  [ 3739/6698] P15-RIJN-A-01  success  LAS=4 (12.08 MB) json=DSD strat_intervals=0
  [ 3743/6698] P15-RIJN-A-07  success  LAS=4 (7.74 MB) json=DSD strat_intervals=0
  [ 3744/6698] P15-RIJN-B-01-S1 success  LAS=2 (1.27 MB) json=DSD strat_intervals=0
  [ 3747/6698] P15-RIJN-B-10-S1 success  LAS=1 (1.48 MB) json=DSD strat_intervals=0
  [ 3750/6698] progress
  [ 3764/6698] P18-01         success  LAS=2 (5.59 MB) json=DSD strat_intervals=0
  [ 3766/6698] P18-A-03-S2    success  LAS=1 (3.62 MB) json=DSD strat_intervals=0
  [ 3767/6698] P18-05         success  LAS=2 (2.99 MB) json=DSD strat_intervals=0
  [ 3770/6698] P16-01         success  LAS=5 (5.73 MB) json=DSD strat_intervals=0
  [ 3791/6698] PAU-02         success  LAS=1 (2.59 MB) json=DSD strat_intervals=0
  [ 3800/6698] PAU-06         success  LAS=1 (2.11 MB) json=DSD strat_intervals=0
  [ 3804/6698] PAU-01         success  LAS=3 (3.71 MB) json=DSD strat_intervals=0
  [ 3812/6698] PBR-01         success  LAS=1 (0.89 MB) json=DSD strat_intervals=0
  [ 3815/6698] PLD-GT-01      success  LAS=1 (0.62 MB) json=DSD strat_intervals=0
  [ 3818/6698] PEI-01         success  LAS=2 (1.63 MB) json=DSD strat_intervals=0
  [ 3821/6698] PLD-GT-02      success  LAS=1 (0.60 MB) json=DSD strat_intervals=0
  [ 3827/6698] PKP-01         success  LAS=3 (6.64 MB) json=DSD strat_intervals=0
  [ 3840/6698] PNA-12         success  LAS=1 (0.28 MB) json=DSD strat_intervals=0
  [ 3841/6698] PNA-13         success  LAS=1 (0.22 MB) json=DSD strat_intervals=0
  [ 3843/6698] PNA-14         success  LAS=1 (0.21 MB) json=DSD strat_intervals=0
  [ 3848/6698] PNA-GT-04      success  LAS=1 (0.65 MB) json=DSD strat_intervals=0
  [ 3849/6698] PNA-GT-02      success  LAS=1 (0.63 MB) json=DSD strat_intervals=0
  [ 3850/6698] PNA-GT-01      success  LAS=1 (0.63 MB) json=DSD strat_intervals=0
  [ 3851/6698] PNA-GT-03-S2   success  LAS=1 (0.66 MB) json=DSD strat_intervals=0
  [ 3852/6698] PNA-GT-05      success  LAS=1 (1.39 MB) json=DSD strat_intervals=0
  [ 3853/6698] PNA-GT-05-S1   success  LAS=1 (0.71 MB) json=DSD strat_intervals=0
  [ 3854/6698] PNA-GT-06-S3   success  LAS=1 (0.74 MB) json=DSD strat_intervals=0
  [ 3864/6698] PRW-02         success  LAS=1 (2.44 MB) json=DSD strat_intervals=0
  [ 3870/6698] PRW-01         success  LAS=2 (3.29 MB) json=DSD strat_intervals=0
  [ 3871/6698] PRN-01-S1      success  LAS=3 (3.61 MB) json=DSD strat_intervals=0
  [ 3874/6698] POS-01         success  LAS=1 (0.41 MB) json=DSD strat_intervals=0
  [ 3886/6698] PSP-01         success  LAS=2 (3.67 MB) json=DSD strat_intervals=0
  [ 3887/6698] Q01-02         success  LAS=1 (0.40 MB) json=DSD strat_intervals=0
  [ 3888/6698] PTH-01         success  LAS=2 (1.78 MB) json=DSD strat_intervals=0
  [ 3889/6698] Q01-04         success  LAS=2 (0.84 MB) json=DSD strat_intervals=0
  [ 3890/6698] Q01-02-S1      success  LAS=2 (4.54 MB) json=DSD strat_intervals=0
  [ 3891/6698] Q01-06         success  LAS=2 (1.42 MB) json=DSD strat_intervals=0
  [ 3892/6698] Q01-05         success  LAS=2 (0.94 MB) json=DSD strat_intervals=0
  [ 3893/6698] Q01-15         success  LAS=2 (1.49 MB) json=DSD strat_intervals=0
  [ 3894/6698] Q01-16         success  LAS=2 (1.07 MB) json=DSD strat_intervals=0
  [ 3895/6698] Q01-20         success  LAS=1 (0.76 MB) json=DSD strat_intervals=0
  [ 3896/6698] Q01-11         success  LAS=2 (3.09 MB) json=DSD strat_intervals=0
  [ 3897/6698] Q01-13         success  LAS=2 (1.08 MB) json=DSD strat_intervals=0
  [ 3899/6698] Q01-12         success  LAS=2 (1.24 MB) json=DSD strat_intervals=0
  [ 3900/6698] Q01-19         success  LAS=1 (0.74 MB) json=DSD strat_intervals=0
  [ 3902/6698] Q01-01-S1      success  LAS=3 (5.53 MB) json=DSD strat_intervals=0
  [ 3903/6698] Q01-03         success  LAS=4 (7.14 MB) json=DSD strat_intervals=0
  [ 3905/6698] Q01-19A        success  LAS=3 (1.37 MB) json=DSD strat_intervals=0
  [ 3906/6698] Q01-09         success  LAS=4 (3.51 MB) json=DSD strat_intervals=0
  [ 3907/6698] Q01-18         success  LAS=3 (1.86 MB) json=DSD strat_intervals=0
  [ 3908/6698] Q01-08         success  LAS=3 (3.25 MB) json=DSD strat_intervals=0
  [ 3913/6698] Q01-16-S1      success  LAS=5 (0.58 MB) json=DSD strat_intervals=0
  [ 3915/6698] Q01-24-S1      success  LAS=1 (0.08 MB) json=DSD strat_intervals=0
  [ 3916/6698] Q01-21-S2      success  LAS=2 (0.91 MB) json=DSD strat_intervals=0
  [ 3924/6698] Q01-22         success  LAS=2 (0.69 MB) json=DSD strat_intervals=0
  [ 3937/6698] Q01-HELDER-A-01 success  LAS=1 (0.93 MB) json=DSD strat_intervals=0
  [ 3949/6698] Q01-17         success  LAS=9 (3.10 MB) json=DSD strat_intervals=0
  [ 3950/6698] progress
  [ 3956/6698] Q01-HELDER-A-06 success  LAS=1 (0.17 MB) json=DSD strat_intervals=0
  [ 3971/6698] Q01-HELDER-B-01 success  LAS=1 (0.93 MB) json=DSD strat_intervals=0
  [ 3972/6698] Q01-HELM-A-02  success  LAS=1 (2.54 MB) json=DSD strat_intervals=0
  [ 3973/6698] Q01-HELM-A-04  success  LAS=1 (0.56 MB) json=DSD strat_intervals=0
  [ 3977/6698] Q01-HELM-A-03  success  LAS=1 (2.73 MB) json=DSD strat_intervals=0
  [ 3978/6698] Q01-HELM-A-01  success  LAS=1 (1.77 MB) json=DSD strat_intervals=0
  [ 3979/6698] Q01-HELM-A-07  success  LAS=1 (0.52 MB) json=DSD strat_intervals=0
  [ 3980/6698] Q01-HELM-A-06  success  LAS=1 (2.04 MB) json=DSD strat_intervals=0
  [ 3981/6698] Q01-HELM-A-08  success  LAS=1 (0.23 MB) json=DSD strat_intervals=0
  [ 3982/6698] Q01-HELM-A-05  success  LAS=1 (1.29 MB) json=DSD strat_intervals=0
  [ 3985/6698] Q01-HOORN-A-03 success  LAS=1 (0.36 MB) json=DSD strat_intervals=0
  [ 3987/6698] Q01-HOORN-A-03-S1 success  LAS=1 (0.14 MB) json=DSD strat_intervals=0
  [ 3988/6698] Q01-HOORN-A-04 success  LAS=1 (0.09 MB) json=DSD strat_intervals=0
  [ 3989/6698] Q01-HOORN-A-06 success  LAS=1 (0.45 MB) json=DSD strat_intervals=0
  [ 3992/6698] Q01-HOORN-A-05 success  LAS=1 (0.11 MB) json=DSD strat_intervals=0
  [ 3999/6698] Q01-HOORN-A-01 success  LAS=3 (2.39 MB) json=DSD strat_intervals=0
  [ 4000/6698] progress
  [ 4006/6698] Q02-05         success  LAS=1 (1.83 MB) json=DSD strat_intervals=0
  [ 4007/6698] Q02-02         success  LAS=2 (5.02 MB) json=DSD strat_intervals=0
  [ 4010/6698] Q02-04         success  LAS=1 (3.83 MB) json=DSD strat_intervals=0
  [ 4011/6698] Q02-01         success  LAS=2 (5.27 MB) json=DSD strat_intervals=0
  [ 4013/6698] Q02-03         success  LAS=2 (6.65 MB) json=DSD strat_intervals=0
  [ 4015/6698] Q04-08         success  LAS=1 (1.74 MB) json=DSD strat_intervals=0
  [ 4017/6698] Q04-05         success  LAS=2 (0.81 MB) json=DSD strat_intervals=0
  [ 4019/6698] Q04-07         success  LAS=2 (2.21 MB) json=DSD strat_intervals=0
  [ 4022/6698] Q04-01         success  LAS=3 (4.40 MB) json=DSD strat_intervals=0
  [ 4023/6698] Q04-03         success  LAS=3 (0.87 MB) json=DSD strat_intervals=0
  [ 4024/6698] Q04-02         success  LAS=2 (3.01 MB) json=DSD strat_intervals=0
  [ 4027/6698] Q04-04         success  LAS=4 (3.50 MB) json=DSD strat_intervals=0
  [ 4028/6698] Q05-03         success  LAS=2 (1.96 MB) json=DSD strat_intervals=0
  [ 4029/6698] Q05-04         success  LAS=2 (1.34 MB) json=DSD strat_intervals=0
  [ 4031/6698] Q04-06         success  LAS=3 (6.78 MB) json=DSD strat_intervals=0
  [ 4033/6698] Q07-06-S1      success  LAS=1 (0.17 MB) json=DSD strat_intervals=0
  [ 4034/6698] Q07-01         success  LAS=2 (2.94 MB) json=DSD strat_intervals=0
  [ 4035/6698] Q05-02         success  LAS=3 (4.45 MB) json=DSD strat_intervals=0
  [ 4037/6698] Q07-03-S2      success  LAS=2 (1.92 MB) json=DSD strat_intervals=0
  [ 4042/6698] Q07-05         success  LAS=3 (2.67 MB) json=DSD strat_intervals=0
  [ 4044/6698] Q07-02         success  LAS=2 (4.79 MB) json=DSD strat_intervals=0
  [ 4045/6698] Q05-01         success  LAS=4 (6.76 MB) json=DSD strat_intervals=0
  [ 4046/6698] Q05-05         success  LAS=4 (11.94 MB) json=DSD strat_intervals=0
  [ 4047/6698] Q07-04         success  LAS=3 (4.88 MB) json=DSD strat_intervals=0
  [ 4049/6698] Q08-06         success  LAS=2 (3.06 MB) json=DSD strat_intervals=0
  [ 4050/6698] progress
  [ 4051/6698] Q10-01         success  LAS=2 (1.84 MB) json=DSD strat_intervals=0
  [ 4052/6698] Q08-05-S3      success  LAS=3 (3.08 MB) json=DSD strat_intervals=0
  [ 4055/6698] Q08-02         success  LAS=3 (3.16 MB) json=DSD strat_intervals=0
  [ 4058/6698] Q08-A-01       success  LAS=2 (1.17 MB) json=DSD strat_intervals=0
  [ 4059/6698] Q08-01         success  LAS=5 (7.91 MB) json=DSD strat_intervals=0
  [ 4060/6698] Q10-05         success  LAS=1 (0.50 MB) json=DSD strat_intervals=0
  [ 4063/6698] Q10-06         success  LAS=1 (1.83 MB) json=DSD strat_intervals=0
  [ 4066/6698] Q10-02         success  LAS=3 (3.35 MB) json=DSD strat_intervals=0
  [ 4069/6698] Q10-04         success  LAS=3 (9.31 MB) json=DSD strat_intervals=0
  [ 4070/6698] Q11-02         success  LAS=2 (0.94 MB) json=DSD strat_intervals=0
  [ 4071/6698] Q10-03         success  LAS=2 (8.18 MB) json=DSD strat_intervals=0
  [ 4072/6698] Q08-B-01       success  LAS=4 (8.71 MB) json=DSD strat_intervals=0
  [ 4073/6698] Q13-10         success  LAS=1 (0.32 MB) json=DSD strat_intervals=0
  [ 4074/6698] Q11-01-S2      success  LAS=2 (3.00 MB) json=DSD strat_intervals=0
  [ 4078/6698] Q13-07         success  LAS=1 (1.63 MB) json=DSD strat_intervals=0
  [ 4079/6698] Q13-02         success  LAS=3 (4.22 MB) json=DSD strat_intervals=0
  [ 4082/6698] Q13-07-S1      success  LAS=1 (1.97 MB) json=DSD strat_intervals=0
  [ 4083/6698] Q13-04         success  LAS=1 (2.57 MB) json=DSD strat_intervals=0
  [ 4084/6698] Q13-11         success  LAS=1 (0.94 MB) json=DSD strat_intervals=0
  [ 4085/6698] Q13-08         success  LAS=1 (1.39 MB) json=DSD strat_intervals=0
  [ 4086/6698] Q11-03         success  LAS=2 (2.67 MB) json=DSD strat_intervals=0
  [ 4087/6698] Q13-06         success  LAS=3 (5.10 MB) json=DSD strat_intervals=0
  [ 4088/6698] Q13-03         success  LAS=2 (5.10 MB) json=DSD strat_intervals=0
  [ 4089/6698] Q13-01         success  LAS=3 (2.98 MB) json=DSD strat_intervals=0
  [ 4093/6698] Q13-09         success  LAS=2 (4.37 MB) json=DSD strat_intervals=0
  [ 4096/6698] Q13-05         success  LAS=3 (5.22 MB) json=DSD strat_intervals=0
  [ 4097/6698] Q13-07-S2      success  LAS=2 (3.87 MB) json=DSD strat_intervals=0
  [ 4098/6698] Q14-01         success  LAS=2 (1.37 MB) json=DSD strat_intervals=0
  [ 4100/6698] progress
  [ 4101/6698] Q14-02         success  LAS=3 (3.56 MB) json=DSD strat_intervals=0
  [ 4103/6698] Q16-05         success  LAS=2 (1.54 MB) json=DSD strat_intervals=0
  [ 4104/6698] Q13-04-S1      success  LAS=4 (9.10 MB) json=DSD strat_intervals=0
  [ 4105/6698] Q16-08         success  LAS=1 (3.46 MB) json=DSD strat_intervals=0
  [ 4106/6698] RID-01         success  LAS=1 (0.29 MB) json=DSD strat_intervals=0
  [ 4107/6698] REU-01         success  LAS=1 (0.33 MB) json=DSD strat_intervals=0
  [ 4109/6698] Q16-01         success  LAS=3 (4.30 MB) json=DSD strat_intervals=0
  [ 4111/6698] RAL-02         success  LAS=4 (1.39 MB) json=DSD strat_intervals=0
  [ 4112/6698] RAA-01         success  LAS=2 (1.24 MB) json=DSD strat_intervals=0
  [ 4115/6698] RAM-02         success  LAS=2 (2.54 MB) json=DSD strat_intervals=0
  [ 4116/6698] RKK-02         success  LAS=1 (0.34 MB) json=DSD strat_intervals=0
  [ 4118/6698] RAW-01         success  LAS=2 (2.75 MB) json=DSD strat_intervals=0
  [ 4119/6698] Q16-04         success  LAS=2 (4.83 MB) json=DSD strat_intervals=0
  [ 4120/6698] Q16-03         success  LAS=2 (4.92 MB) json=DSD strat_intervals=0
  [ 4122/6698] RDW-01         success  LAS=1 (2.89 MB) json=DSD strat_intervals=0
  [ 4128/6698] RDK-01         success  LAS=2 (3.16 MB) json=DSD strat_intervals=0
  [ 4129/6698] RID-03         success  LAS=3 (1.09 MB) json=DSD strat_intervals=0
  [ 4133/6698] Q16-02         success  LAS=3 (8.88 MB) json=DSD strat_intervals=0
  [ 4136/6698] RID-02         success  LAS=3 (3.14 MB) json=DSD strat_intervals=0
  [ 4148/6698] RKK-10-S1      success  LAS=1 (0.95 MB) json=DSD strat_intervals=0
  [ 4149/6698] Q16-FA-101-S1  success  LAS=3 (11.06 MB) json=DSD strat_intervals=0
  [ 4150/6698] progress
  [ 4169/6698] RKK-25         success  LAS=1 (0.12 MB) json=DSD strat_intervals=0
  [ 4171/6698] RKK-26         success  LAS=1 (0.20 MB) json=DSD strat_intervals=0
  [ 4172/6698] RKK-28         success  LAS=1 (0.13 MB) json=DSD strat_intervals=0
  [ 4173/6698] RKK-27         success  LAS=1 (0.24 MB) json=DSD strat_intervals=0
  [ 4175/6698] RKK-31         success  LAS=1 (1.14 MB) json=DSD strat_intervals=0
  [ 4176/6698] RKK-32         success  LAS=1 (1.42 MB) json=DSD strat_intervals=0
  [ 4177/6698] RKK-32-S3      success  LAS=1 (0.74 MB) json=DSD strat_intervals=0
  [ 4178/6698] RLO-01         success  LAS=1 (0.83 MB) json=DSD strat_intervals=0
  [ 4183/6698] ROD-101        success  LAS=1 (0.44 MB) json=DSD strat_intervals=0
  [ 4184/6698] ROD-101-S2     success  LAS=1 (0.25 MB) json=DSD strat_intervals=0
  [ 4187/6698] ROD-201-S1     success  LAS=1 (0.40 MB) json=DSD strat_intervals=0
  [ 4188/6698] ROD-102        success  LAS=1 (3.26 MB) json=DSD strat_intervals=0
  [ 4190/6698] ROW-05         success  LAS=1 (0.27 MB) json=DSD strat_intervals=0
  [ 4192/6698] ROW-06-S1      success  LAS=1 (0.30 MB) json=DSD strat_intervals=0
  [ 4195/6698] ROW-03         success  LAS=3 (0.89 MB) json=DSD strat_intervals=0
  [ 4198/6698] ROW-07-S1      success  LAS=1 (0.32 MB) json=DSD strat_intervals=0
  [ 4199/6698] ROW-08         success  LAS=1 (0.31 MB) json=DSD strat_intervals=0
  [ 4200/6698] ROW-04         success  LAS=1 (0.29 MB) json=DSD strat_intervals=0
  [ 4201/6698] ROW-09         success  LAS=1 (0.26 MB) json=DSD strat_intervals=0
  [ 4202/6698] RPL-01         success  LAS=1 (0.49 MB) json=DSD strat_intervals=0
  [ 4203/6698] RSW-02         success  LAS=1 (0.35 MB) json=DSD strat_intervals=0
  [ 4204/6698] RSW-03         success  LAS=1 (0.28 MB) json=DSD strat_intervals=0
  [ 4206/6698] RST-01         success  LAS=2 (2.44 MB) json=DSD strat_intervals=0
  [ 4207/6698] RSW-05         success  LAS=1 (0.14 MB) json=DSD strat_intervals=0
  [ 4210/6698] RSW-04         success  LAS=1 (0.29 MB) json=DSD strat_intervals=0
  [ 4211/6698] RST-02-S1      success  LAS=2 (3.46 MB) json=DSD strat_intervals=0
  [ 4213/6698] RSB-01         success  LAS=3 (3.99 MB) json=DSD strat_intervals=0
  [ 4214/6698] RSW-06         success  LAS=1 (0.32 MB) json=DSD strat_intervals=0
  [ 4215/6698] RSW-01         success  LAS=2 (1.60 MB) json=DSD strat_intervals=0
  [ 4216/6698] RSW-08         success  LAS=1 (0.52 MB) json=DSD strat_intervals=0
  [ 4217/6698] RSW-07-S2      success  LAS=1 (0.29 MB) json=DSD strat_intervals=0
  [ 4218/6698] RSW-06-S2      success  LAS=1 (2.21 MB) json=DSD strat_intervals=0
  [ 4219/6698] RSW-09-S1      success  LAS=1 (2.19 MB) json=DSD strat_intervals=0
  [ 4220/6698] RTD-01-S1      success  LAS=1 (0.09 MB) json=DSD strat_intervals=0
  [ 4225/6698] RTD-02         success  LAS=1 (2.01 MB) json=DSD strat_intervals=0
  [ 4226/6698] RTD-01         success  LAS=2 (3.21 MB) json=DSD strat_intervals=0
  [ 4229/6698] RTD-05         success  LAS=1 (0.23 MB) json=DSD strat_intervals=0
  [ 4232/6698] RTD-07         success  LAS=1 (1.32 MB) json=DSD strat_intervals=0
  [ 4237/6698] RTD-11         success  LAS=1 (0.84 MB) json=DSD strat_intervals=0
  [ 4238/6698] RTD-12         success  LAS=1 (0.22 MB) json=DSD strat_intervals=0
  [ 4239/6698] RTD-06         success  LAS=2 (1.66 MB) json=DSD strat_intervals=0
  [ 4243/6698] RTD-08         success  LAS=2 (2.20 MB) json=DSD strat_intervals=0
  [ 4244/6698] RTD-13         success  LAS=1 (2.15 MB) json=DSD strat_intervals=0
  [ 4245/6698] RTD-14-S1      success  LAS=1 (1.78 MB) json=DSD strat_intervals=0
  [ 4250/6698] progress
  [ 4264/6698] RUI-01         success  LAS=1 (0.21 MB) json=DSD strat_intervals=0
  [ 4278/6698] RWD-02         success  LAS=2 (2.22 MB) json=DSD strat_intervals=0
  [ 4284/6698] RZB-01         success  LAS=1 (0.62 MB) json=DSD strat_intervals=0
  [ 4287/6698] RWD-01         success  LAS=3 (3.46 MB) json=DSD strat_intervals=0
  [ 4288/6698] SAN-01         success  LAS=2 (1.70 MB) json=DSD strat_intervals=0
  [ 4289/6698] S02-01         success  LAS=3 (2.15 MB) json=DSD strat_intervals=0
  [ 4290/6698] S02-02         success  LAS=3 (4.20 MB) json=DSD strat_intervals=0
  [ 4291/6698] SAP-15-S1      success  LAS=1 (0.70 MB) json=DSD strat_intervals=0
  [ 4292/6698] SAU-01         success  LAS=1 (3.17 MB) json=DSD strat_intervals=0
  [ 4293/6698] S05-01         success  LAS=4 (4.03 MB) json=DSD strat_intervals=0
  [ 4300/6698] progress
  [ 4319/6698] SCB-05         success  LAS=1 (0.81 MB) json=DSD strat_intervals=0
  [ 4336/6698] SCB-01         success  LAS=2 (2.65 MB) json=DSD strat_intervals=0
  [ 4348/6698] SCH-020-S1     success  LAS=1 (0.02 MB) json=DSD strat_intervals=0
  [ 4350/6698] progress
  [ 4400/6698] progress
  [ 4401/6698] SCH-059-S2     success  LAS=1 (0.02 MB) json=DSD strat_intervals=0
  [ 4450/6698] progress
  [ 4500/6698] progress
  [ 4550/6698] progress
  [ 4600/6698] progress
  [ 4634/6698] SCH-197        success  LAS=1 (0.33 MB) json=DSD strat_intervals=0
  [ 4650/6698] progress
  [ 4700/6698] progress
  [ 4750/6698] progress
  [ 4754/6698] SCH-265        success  LAS=1 (0.01 MB) json=DSD strat_intervals=0
  [ 4800/6698] progress
  [ 4850/6698] progress
  [ 4900/6698] progress
  [ 4920/6698] SCH-383        success  LAS=1 (0.08 MB) json=DSD strat_intervals=0
  [ 4950/6698] progress
  [ 5000/6698] progress
  [ 5010/6698] SCH-449        success  LAS=1 (0.47 MB) json=DSD strat_intervals=0
  [ 5011/6698] SCH-461        success  LAS=1 (0.01 MB) json=DSD strat_intervals=0
  [ 5012/6698] SCH-447        success  LAS=1 (0.55 MB) json=DSD strat_intervals=0
  [ 5014/6698] SCH-462        success  LAS=1 (0.11 MB) json=DSD strat_intervals=0
  [ 5017/6698] SCH-463-S1     success  LAS=1 (0.43 MB) json=DSD strat_intervals=0
  [ 5028/6698] SCH-463        success  LAS=1 (0.41 MB) json=DSD strat_intervals=0
  [ 5036/6698] SCH-486        no_las   LAS=0 (0.00 MB) json=DSD strat_intervals=0  ERR: logdocuments:ConnectionError(ProtocolError('Connection aborted.', RemoteDisconnected('Remote end closed connection without response')))
  [ 5043/6698] SCH-485        no_las   LAS=0 (0.00 MB) json=DSD strat_intervals=0  ERR: logdocuments:ConnectionError(ProtocolError('Connection aborted.', RemoteDisconnected('Remote end closed connection without response')))
  [ 5044/6698] SCH-488        no_las   LAS=0 (0.00 MB) json=DSD strat_intervals=0  ERR: logdocuments:ConnectionError(ProtocolError('Connection aborted.', RemoteDisconnected('Remote end closed connection without response')))
  [ 5050/6698] SCH-481        success  LAS=1 (0.01 MB) json=DSD strat_intervals=0
  [ 5056/6698] SCH-495-S1     success  LAS=1 (0.01 MB) json=DSD strat_intervals=0
  [ 5063/6698] SCH-497-S1     success  LAS=1 (0.05 MB) json=DSD strat_intervals=0
  [ 5066/6698] SCH-498        success  LAS=1 (0.01 MB) json=DSD strat_intervals=0
  [ 5100/6698] progress
  [ 5102/6698] SCH-537        success  LAS=1 (0.45 MB) json=DSD strat_intervals=0
  [ 5107/6698] SCH-537-S2     success  LAS=1 (0.40 MB) json=DSD strat_intervals=0
  [ 5149/6698] SCH-580        success  LAS=1 (0.39 MB) json=DSD strat_intervals=0
  [ 5150/6698] progress
  [ 5159/6698] SCH-588        success  LAS=1 (0.01 MB) json=DSD strat_intervals=0
  [ 5162/6698] SCH-590        success  LAS=1 (0.06 MB) json=DSD strat_intervals=0
  [ 5176/6698] SCZ-01         success  LAS=1 (0.61 MB) json=DSD strat_intervals=0
  [ 5180/6698] SEB-02         no_las   LAS=0 (0.00 MB) json=-SD strat_intervals=0  ERR: details.json:ConnectionError(ProtocolError('Connection aborted.', RemoteDisconnected('Remote end closed connection without response')))
  [ 5198/6698] SEB-01         success  LAS=2 (2.49 MB) json=DSD strat_intervals=0
  [ 5200/6698] SDM-01         success  LAS=1 (0.46 MB) json=DSD strat_intervals=0
  [ 5201/6698] SDB-01         success  LAS=2 (2.95 MB) json=DSD strat_intervals=0
  [ 5207/6698] SGZ-02         success  LAS=1 (3.05 MB) json=DSD strat_intervals=0
  [ 5209/6698] SLB-02         success  LAS=2 (2.19 MB) json=DSD strat_intervals=0
  [ 5210/6698] SLD-02         success  LAS=2 (2.02 MB) json=DSD strat_intervals=0
  [ 5211/6698] SLN-02         success  LAS=1 (0.10 MB) json=DSD strat_intervals=0
  [ 5212/6698] SLN-03         success  LAS=1 (0.26 MB) json=DSD strat_intervals=0
  [ 5213/6698] SLB-01         success  LAS=3 (5.23 MB) json=DSD strat_intervals=0
  [ 5214/6698] SLD-05-S1      success  LAS=2 (1.15 MB) json=DSD strat_intervals=0
  [ 5215/6698] SHV-01         success  LAS=2 (2.78 MB) json=DSD strat_intervals=0
  [ 5216/6698] SLD-01         success  LAS=3 (3.76 MB) json=DSD strat_intervals=0
  [ 5218/6698] SLK-01         success  LAS=2 (1.87 MB) json=DSD strat_intervals=0
  [ 5219/6698] SLD-03         success  LAS=3 (2.47 MB) json=DSD strat_intervals=0
  [ 5220/6698] SLN-06         success  LAS=1 (0.28 MB) json=DSD strat_intervals=0
  [ 5221/6698] SLD-04         success  LAS=3 (5.15 MB) json=DSD strat_intervals=0
  [ 5222/6698] SLN-07         success  LAS=1 (0.24 MB) json=DSD strat_intervals=0
  [ 5224/6698] SLN-04         success  LAS=3 (4.81 MB) json=DSD strat_intervals=0
  [ 5227/6698] SLN-05         success  LAS=2 (2.49 MB) json=DSD strat_intervals=0
  [ 5241/6698] SLO-04         success  LAS=1 (0.12 MB) json=DSD strat_intervals=0
  [ 5249/6698] SLO-03         success  LAS=1 (0.37 MB) json=DSD strat_intervals=0
  [ 5250/6698] progress
  [ 5300/6698] progress
  [ 5309/6698] SPG-01         success  LAS=1 (0.28 MB) json=DSD strat_intervals=0
  [ 5310/6698] SPG-01-S2      success  LAS=1 (0.41 MB) json=DSD strat_intervals=0
  [ 5311/6698] SML-01         success  LAS=3 (2.91 MB) json=DSD strat_intervals=0
  [ 5312/6698] SMA-01         success  LAS=4 (2.29 MB) json=DSD strat_intervals=0
  [ 5313/6698] SND-01         success  LAS=3 (1.93 MB) json=DSD strat_intervals=0
  [ 5314/6698] SPD-01         success  LAS=2 (2.54 MB) json=DSD strat_intervals=0
  [ 5315/6698] SPC-01         success  LAS=3 (1.58 MB) json=DSD strat_intervals=0
  [ 5316/6698] SOW-01         success  LAS=3 (1.91 MB) json=DSD strat_intervals=0
  [ 5317/6698] SNK-01         success  LAS=3 (1.81 MB) json=DSD strat_intervals=0
  [ 5318/6698] SMG-01         success  LAS=4 (4.90 MB) json=DSD strat_intervals=0
  [ 5319/6698] SNK-02         success  LAS=3 (4.77 MB) json=DSD strat_intervals=0
  [ 5320/6698] SMR-01         success  LAS=2 (1.55 MB) json=DSD strat_intervals=0
  [ 5321/6698] SPH-01         success  LAS=1 (0.38 MB) json=DSD strat_intervals=0
  [ 5325/6698] SPI-101        success  LAS=1 (0.39 MB) json=DSD strat_intervals=0
  [ 5345/6698] SPKO-02-S1     success  LAS=1 (0.37 MB) json=DSD strat_intervals=0
  [ 5350/6698] progress
  [ 5352/6698] SPKW-01        success  LAS=2 (3.72 MB) json=DSD strat_intervals=0
  [ 5354/6698] SPL-01         success  LAS=2 (2.03 MB) json=DSD strat_intervals=0
  [ 5355/6698] SRM-01-S1      success  LAS=1 (0.22 MB) json=DSD strat_intervals=0
  [ 5362/6698] SSM-01         success  LAS=1 (0.93 MB) json=DSD strat_intervals=0
  [ 5364/6698] SRM-03-S1      success  LAS=2 (1.45 MB) json=DSD strat_intervals=0
  [ 5367/6698] SRM-01         success  LAS=3 (0.89 MB) json=DSD strat_intervals=0
  [ 5373/6698] SPL-01-S1      success  LAS=3 (2.96 MB) json=DSD strat_intervals=0
  [ 5377/6698] SRM-02         success  LAS=4 (4.17 MB) json=DSD strat_intervals=0
  [ 5378/6698] STK-01-S3      success  LAS=1 (0.49 MB) json=DSD strat_intervals=0
  [ 5379/6698] STM-02-S2      success  LAS=1 (0.14 MB) json=DSD strat_intervals=0
  [ 5381/6698] STM-02-S1      success  LAS=1 (3.86 MB) json=DSD strat_intervals=0
  [ 5382/6698] STH-01         success  LAS=2 (5.42 MB) json=DSD strat_intervals=0
  [ 5384/6698] SUW-01-S2      success  LAS=1 (0.51 MB) json=DSD strat_intervals=0
  [ 5387/6698] STM-01-S1      success  LAS=3 (1.88 MB) json=DSD strat_intervals=0
  [ 5388/6698] SUW-01         success  LAS=2 (1.10 MB) json=DSD strat_intervals=0
  [ 5389/6698] STR-01         success  LAS=2 (1.14 MB) json=DSD strat_intervals=0
  [ 5390/6698] STW-01         success  LAS=2 (1.45 MB) json=DSD strat_intervals=0
  [ 5391/6698] STN-02         success  LAS=2 (3.23 MB) json=DSD strat_intervals=0
  [ 5394/6698] STN-01         success  LAS=3 (3.94 MB) json=DSD strat_intervals=0
  [ 5395/6698] SUW-03         success  LAS=1 (3.67 MB) json=DSD strat_intervals=0
  [ 5397/6698] SVG-01         success  LAS=1 (6.54 MB) json=DSD strat_intervals=0
  [ 5398/6698] SUW-201        success  LAS=2 (3.06 MB) json=DSD strat_intervals=0
  [ 5400/6698] progress
  [ 5402/6698] SWD-01         success  LAS=3 (3.88 MB) json=DSD strat_intervals=0
  [ 5404/6698] SWO-01         success  LAS=1 (0.43 MB) json=DSD strat_intervals=0
  [ 5408/6698] SZW-101        success  LAS=1 (0.40 MB) json=DSD strat_intervals=0
  [ 5427/6698] TAP-02-S1      success  LAS=2 (4.82 MB) json=DSD strat_intervals=0
  [ 5450/6698] progress
  [ 5454/6698] TEN-01         success  LAS=1 (2.38 MB) json=DSD strat_intervals=0
  [ 5460/6698] TES-01         success  LAS=2 (2.06 MB) json=DSD strat_intervals=0
  [ 5461/6698] TBR-04         success  LAS=2 (3.11 MB) json=DSD strat_intervals=0
  [ 5463/6698] TER-01-S2      success  LAS=3 (2.50 MB) json=DSD strat_intervals=0
  [ 5466/6698] TID-104        success  LAS=1 (1.00 MB) json=DSD strat_intervals=0
  [ 5467/6698] TID-1001       success  LAS=2 (1.32 MB) json=DSD strat_intervals=0
  [ 5468/6698] TID-102        success  LAS=1 (1.19 MB) json=DSD strat_intervals=0
  [ 5470/6698] TID-103        success  LAS=2 (2.54 MB) json=DSD strat_intervals=0
  [ 5471/6698] TID-101        success  LAS=2 (2.63 MB) json=DSD strat_intervals=0
  [ 5472/6698] TID-105        success  LAS=1 (0.57 MB) json=DSD strat_intervals=0
  [ 5473/6698] TER-01         success  LAS=3 (4.69 MB) json=DSD strat_intervals=0
  [ 5474/6698] TID-302        success  LAS=1 (0.32 MB) json=DSD strat_intervals=0
  [ 5475/6698] TID-201        success  LAS=2 (1.71 MB) json=DSD strat_intervals=0
  [ 5476/6698] TID-301        success  LAS=2 (1.70 MB) json=DSD strat_intervals=0
  [ 5477/6698] TID-303        success  LAS=2 (1.60 MB) json=DSD strat_intervals=0
  [ 5479/6698] TID-304        success  LAS=2 (1.69 MB) json=DSD strat_intervals=0
  [ 5480/6698] TID-305        success  LAS=2 (2.97 MB) json=DSD strat_intervals=0
  [ 5483/6698] TID-501-S1     success  LAS=1 (1.14 MB) json=DSD strat_intervals=0
  [ 5484/6698] TID-306        success  LAS=2 (1.15 MB) json=DSD strat_intervals=0
  [ 5485/6698] TID-601        success  LAS=1 (1.09 MB) json=DSD strat_intervals=0
  [ 5486/6698] TID-402        success  LAS=2 (1.33 MB) json=DSD strat_intervals=0
  [ 5487/6698] TID-401        success  LAS=2 (1.43 MB) json=DSD strat_intervals=0
  [ 5488/6698] TID-403        success  LAS=2 (1.40 MB) json=DSD strat_intervals=0
  [ 5489/6698] TID-502        success  LAS=2 (1.28 MB) json=DSD strat_intervals=0
  [ 5490/6698] TID-404        success  LAS=2 (1.51 MB) json=DSD strat_intervals=0
  [ 5492/6698] TID-801        success  LAS=2 (1.09 MB) json=DSD strat_intervals=0
  [ 5493/6698] TID-701-S1     success  LAS=2 (1.19 MB) json=DSD strat_intervals=0
  [ 5495/6698] TID-602        success  LAS=2 (1.53 MB) json=DSD strat_intervals=0
  [ 5497/6698] TID-901        success  LAS=2 (1.23 MB) json=DSD strat_intervals=0
  [ 5498/6698] TID-902        success  LAS=2 (1.42 MB) json=DSD strat_intervals=0
  [ 5500/6698] progress
  [ 5506/6698] TNT-GT-02      success  LAS=1 (0.60 MB) json=DSD strat_intervals=0
  [ 5507/6698] TNT-GT-01      success  LAS=1 (2.94 MB) json=DSD strat_intervals=0
  [ 5524/6698] TJM-10         success  LAS=1 (0.66 MB) json=DSD strat_intervals=0
  [ 5525/6698] TJM-01         success  LAS=2 (2.60 MB) json=DSD strat_intervals=0
  [ 5532/6698] TRN-01         success  LAS=2 (4.45 MB) json=DSD strat_intervals=0
  [ 5534/6698] TUB-09-S3      success  LAS=1 (0.40 MB) json=DSD strat_intervals=0
  [ 5540/6698] TUB-08         success  LAS=3 (2.81 MB) json=DSD strat_intervals=0
  [ 5544/6698] TUB-12         success  LAS=1 (0.37 MB) json=DSD strat_intervals=0
  [ 5546/6698] TUM-02         success  LAS=1 (0.23 MB) json=DSD strat_intervals=0
  [ 5548/6698] TUM-03-S2      success  LAS=1 (0.30 MB) json=DSD strat_intervals=0
  [ 5550/6698] TUM-01         success  LAS=2 (2.41 MB) json=DSD strat_intervals=0
  [ 5573/6698] TUS-01         success  LAS=1 (0.20 MB) json=DSD strat_intervals=0
  [ 5579/6698] TUS-10         success  LAS=1 (0.15 MB) json=DSD strat_intervals=0
  [ 5587/6698] TWI-01-S3      success  LAS=2 (0.80 MB) json=DSD strat_intervals=0
  [ 5600/6698] progress
  [ 5650/6698] progress
  [ 5700/6698] progress
  [ 5750/6698] progress
  [ 5800/6698] progress
  [ 5850/6698] progress
  [ 5900/6698] progress
  [ 5950/6698] progress
  [ 6000/6698] progress
  [ 6050/6698] progress
  [ 6100/6698] progress
  [ 6150/6698] progress
  [ 6159/6698] URE-101-S1     success  LAS=1 (0.33 MB) json=DSD strat_intervals=0
  [ 6160/6698] URE-01         success  LAS=1 (0.70 MB) json=DSD strat_intervals=0
  [ 6161/6698] UHM-02         success  LAS=1 (2.29 MB) json=DSD strat_intervals=0
  [ 6163/6698] URE-103        success  LAS=1 (0.26 MB) json=DSD strat_intervals=0
  [ 6164/6698] URE-102        success  LAS=1 (2.28 MB) json=DSD strat_intervals=0
  [ 6167/6698] URE-201        success  LAS=1 (0.27 MB) json=DSD strat_intervals=0
  [ 6168/6698] URE-202        success  LAS=1 (2.42 MB) json=DSD strat_intervals=0
  [ 6169/6698] UHM-01-S1      success  LAS=3 (3.21 MB) json=DSD strat_intervals=0
  [ 6170/6698] URS-01         success  LAS=2 (1.20 MB) json=DSD strat_intervals=0
  [ 6171/6698] USQ-01         success  LAS=2 (2.34 MB) json=DSD strat_intervals=0
  [ 6172/6698] UHZ-01         success  LAS=2 (2.65 MB) json=DSD strat_intervals=0
  [ 6176/6698] UTB-10-S1      success  LAS=1 (0.45 MB) json=DSD strat_intervals=0
  [ 6178/6698] VDB-GT-01-S1   success  LAS=1 (0.54 MB) json=DSD strat_intervals=0
  [ 6184/6698] VDB-GT-04      success  LAS=1 (0.44 MB) json=DSD strat_intervals=0
  [ 6192/6698] VAL-01         success  LAS=1 (2.73 MB) json=DSD strat_intervals=0
  [ 6200/6698] progress
  [ 6219/6698] VHN-01-S3      success  LAS=1 (4.17 MB) json=DSD strat_intervals=0
  [ 6224/6698] VHZ-01         success  LAS=1 (0.41 MB) json=DSD strat_intervals=0
  [ 6229/6698] VLO-01         success  LAS=2 (2.15 MB) json=DSD strat_intervals=0
  [ 6230/6698] VHN-02         success  LAS=1 (4.96 MB) json=DSD strat_intervals=0
  [ 6232/6698] VLR-01         success  LAS=2 (3.08 MB) json=DSD strat_intervals=0
  [ 6233/6698] VHN-03-S1      success  LAS=1 (4.06 MB) json=DSD strat_intervals=0
  [ 6236/6698] VNW-01         success  LAS=1 (1.78 MB) json=DSD strat_intervals=0
  [ 6238/6698] VLW-02         success  LAS=2 (4.37 MB) json=DSD strat_intervals=0
  [ 6241/6698] VRS-05         success  LAS=1 (2.69 MB) json=DSD strat_intervals=0
  [ 6242/6698] VRS-06         success  LAS=1 (0.40 MB) json=DSD strat_intervals=0
  [ 6246/6698] VLV-01         success  LAS=2 (3.95 MB) json=DSD strat_intervals=0
  [ 6248/6698] VRS-301-S3     success  LAS=1 (0.48 MB) json=DSD strat_intervals=0
  [ 6250/6698] progress
  [ 6251/6698] VRS-401        success  LAS=1 (2.44 MB) json=DSD strat_intervals=0
  [ 6252/6698] VRS-201        success  LAS=2 (3.18 MB) json=DSD strat_intervals=0
  [ 6253/6698] VRV-01         success  LAS=1 (0.20 MB) json=DSD strat_intervals=0
  [ 6254/6698] VRS-202        success  LAS=1 (2.81 MB) json=DSD strat_intervals=0
  [ 6255/6698] VRS-402        success  LAS=1 (2.85 MB) json=DSD strat_intervals=0
  [ 6256/6698] VTM-01-S1      success  LAS=1 (0.57 MB) json=DSD strat_intervals=0
  [ 6262/6698] WAA-01         success  LAS=1 (1.48 MB) json=DSD strat_intervals=0
  [ 6263/6698] VRS-101        success  LAS=3 (5.70 MB) json=DSD strat_intervals=0
  [ 6265/6698] WAA-01-S1      success  LAS=2 (2.22 MB) json=DSD strat_intervals=0
  [ 6266/6698] WAH-02         success  LAS=2 (2.58 MB) json=DSD strat_intervals=0
  [ 6292/6698] WAK-01         success  LAS=5 (3.04 MB) json=DSD strat_intervals=0
  [ 6300/6698] progress
  [ 6302/6698] WAS-23-S2      success  LAS=1 (0.38 MB) json=DSD strat_intervals=0
  [ 6311/6698] WAS-25         success  LAS=1 (0.02 MB) json=DSD strat_intervals=0
  [ 6319/6698] WAS-32         success  LAS=1 (0.14 MB) json=DSD strat_intervals=0
  [ 6322/6698] WAS-32-S1      success  LAS=1 (0.14 MB) json=DSD strat_intervals=0
  [ 6330/6698] WAS-38-S2      success  LAS=1 (0.06 MB) json=DSD strat_intervals=0
  [ 6334/6698] WAS-39         success  LAS=1 (0.11 MB) json=DSD strat_intervals=0
  [ 6337/6698] WAS-41         success  LAS=1 (0.32 MB) json=DSD strat_intervals=0
  [ 6338/6698] WAS-45         success  LAS=1 (0.74 MB) json=DSD strat_intervals=0
  [ 6339/6698] WAS-40         success  LAS=1 (0.65 MB) json=DSD strat_intervals=0
  [ 6340/6698] WAS-46         success  LAS=1 (0.79 MB) json=DSD strat_intervals=0
  [ 6344/6698] WAV-08         success  LAS=1 (0.23 MB) json=DSD strat_intervals=0
  [ 6346/6698] WAV-11         success  LAS=1 (0.17 MB) json=DSD strat_intervals=0
  [ 6347/6698] WAV-13         success  LAS=1 (1.25 MB) json=DSD strat_intervals=0
  [ 6348/6698] WAV-10         success  LAS=1 (0.02 MB) json=DSD strat_intervals=0
  [ 6350/6698] progress
  [ 6351/6698] WAV-12         success  LAS=1 (1.11 MB) json=DSD strat_intervals=0
  [ 6353/6698] WAV-15         success  LAS=1 (0.66 MB) json=DSD strat_intervals=0
  [ 6354/6698] WAV-09         success  LAS=2 (1.33 MB) json=DSD strat_intervals=0
  [ 6355/6698] WAV-07         success  LAS=3 (1.56 MB) json=DSD strat_intervals=0
  [ 6356/6698] WAV-18         success  LAS=1 (1.64 MB) json=DSD strat_intervals=0
  [ 6357/6698] WAV-20         success  LAS=1 (2.71 MB) json=DSD strat_intervals=0
  [ 6360/6698] WAZ-01         success  LAS=2 (1.52 MB) json=DSD strat_intervals=0
  [ 6362/6698] WAV-19         success  LAS=1 (0.66 MB) json=DSD strat_intervals=0
  [ 6366/6698] WBMS-01        success  LAS=1 (2.46 MB) json=DSD strat_intervals=0
  [ 6367/6698] WAW-01         success  LAS=2 (2.05 MB) json=DSD strat_intervals=0
  [ 6368/6698] WDV-01         success  LAS=1 (0.33 MB) json=DSD strat_intervals=0
  [ 6369/6698] WDV-04         success  LAS=1 (2.63 MB) json=DSD strat_intervals=0
  [ 6370/6698] WDV-05         success  LAS=1 (2.61 MB) json=DSD strat_intervals=0
  [ 6371/6698] WBL-01         success  LAS=1 (1.48 MB) json=DSD strat_intervals=0
  [ 6374/6698] WEP-01         success  LAS=1 (0.28 MB) json=DSD strat_intervals=0
  [ 6375/6698] WES-01         success  LAS=1 (0.24 MB) json=DSD strat_intervals=0
  [ 6378/6698] WDL-01         success  LAS=3 (3.36 MB) json=DSD strat_intervals=0
  [ 6380/6698] WFM-01         success  LAS=1 (3.56 MB) json=DSD strat_intervals=0
  [ 6381/6698] WGD-01         success  LAS=1 (2.02 MB) json=DSD strat_intervals=0
  [ 6382/6698] WGRT-01        success  LAS=1 (1.14 MB) json=DSD strat_intervals=0
  [ 6383/6698] WED-03         success  LAS=2 (2.99 MB) json=DSD strat_intervals=0
  [ 6384/6698] WIR-01         success  LAS=1 (0.32 MB) json=DSD strat_intervals=0
  [ 6387/6698] WIM-01         success  LAS=1 (0.27 MB) json=DSD strat_intervals=0
  [ 6388/6698] WGF-01         success  LAS=2 (3.58 MB) json=DSD strat_intervals=0
  [ 6391/6698] WED-02         success  LAS=4 (3.73 MB) json=DSD strat_intervals=0
  [ 6398/6698] WHM-01         success  LAS=2 (5.16 MB) json=DSD strat_intervals=0
  [ 6399/6698] WMR-01         success  LAS=2 (3.02 MB) json=DSD strat_intervals=0
  [ 6400/6698] WOB-01         success  LAS=1 (0.62 MB) json=DSD strat_intervals=0
  [ 6402/6698] WRG-01         success  LAS=2 (2.21 MB) json=DSD strat_intervals=0
  [ 6403/6698] WRF-01         success  LAS=2 (3.43 MB) json=DSD strat_intervals=0
  [ 6405/6698] WRG-02         success  LAS=3 (3.09 MB) json=DSD strat_intervals=0
  [ 6408/6698] WLK-01         success  LAS=3 (5.70 MB) json=DSD strat_intervals=0
  [ 6409/6698] WOB-01-S1      success  LAS=3 (5.16 MB) json=DSD strat_intervals=0
  [ 6410/6698] WRW-01         success  LAS=2 (2.97 MB) json=DSD strat_intervals=0
  [ 6411/6698] WSM-01         success  LAS=1 (0.45 MB) json=DSD strat_intervals=0
  [ 6414/6698] WRM-02         success  LAS=3 (3.61 MB) json=DSD strat_intervals=0
  [ 6416/6698] WSE-01         success  LAS=3 (4.44 MB) json=DSD strat_intervals=0
  [ 6417/6698] WRM-01         success  LAS=3 (2.87 MB) json=DSD strat_intervals=0
  [ 6420/6698] WRG-03         success  LAS=3 (3.46 MB) json=DSD strat_intervals=0
  [ 6423/6698] WSK-01         success  LAS=2 (5.35 MB) json=DSD strat_intervals=0
  [ 6428/6698] WRM-03         success  LAS=3 (4.94 MB) json=DSD strat_intervals=0
  [ 6430/6698] WSF-01         success  LAS=3 (4.95 MB) json=DSD strat_intervals=0
  [ 6434/6698] WRV-01         success  LAS=4 (3.61 MB) json=DSD strat_intervals=0
  [ 6435/6698] WTD-01-S2      success  LAS=1 (0.38 MB) json=DSD strat_intervals=0
  [ 6438/6698] WTD-02         success  LAS=1 (0.38 MB) json=DSD strat_intervals=0
  [ 6439/6698] WTD-01-S1      success  LAS=1 (0.41 MB) json=DSD strat_intervals=0
  [ 6443/6698] WTS-01         success  LAS=1 (1.61 MB) json=DSD strat_intervals=0
  [ 6444/6698] WTZ-01         success  LAS=1 (3.61 MB) json=DSD strat_intervals=0
  [ 6447/6698] WWN-03         success  LAS=1 (3.06 MB) json=DSD strat_intervals=0
  [ 6450/6698] WWN-01-S2      success  LAS=2 (2.15 MB) json=DSD strat_intervals=0
  [ 6452/6698] WSP-01         success  LAS=5 (3.97 MB) json=DSD strat_intervals=0
  [ 6453/6698] WYH-01         success  LAS=1 (0.21 MB) json=DSD strat_intervals=0
  [ 6455/6698] WTN-01-S1      success  LAS=3 (4.03 MB) json=DSD strat_intervals=0
  [ 6456/6698] WWS-01-S1      success  LAS=1 (0.47 MB) json=DSD strat_intervals=0
  [ 6462/6698] WYK-04-S1      success  LAS=1 (0.08 MB) json=DSD strat_intervals=0
  [ 6463/6698] WWN-02-S3      success  LAS=2 (7.93 MB) json=DSD strat_intervals=0
  [ 6466/6698] WWS-02         success  LAS=1 (4.11 MB) json=DSD strat_intervals=0
  [ 6473/6698] WYK-13         success  LAS=1 (0.36 MB) json=DSD strat_intervals=0
  [ 6474/6698] WYK-15-S1      success  LAS=1 (0.44 MB) json=DSD strat_intervals=0
  [ 6475/6698] WYK-16         success  LAS=1 (0.12 MB) json=DSD strat_intervals=0
  [ 6476/6698] WWK-01         success  LAS=5 (8.57 MB) json=DSD strat_intervals=0
  [ 6478/6698] WYK-17-S2      success  LAS=1 (0.17 MB) json=DSD strat_intervals=0
  [ 6479/6698] WYK-17-S1      success  LAS=1 (0.20 MB) json=DSD strat_intervals=0
  [ 6482/6698] WYK-14         success  LAS=2 (1.18 MB) json=DSD strat_intervals=0
  [ 6485/6698] WYK-24         success  LAS=1 (0.04 MB) json=DSD strat_intervals=0
  [ 6486/6698] WYK-19         success  LAS=2 (1.48 MB) json=DSD strat_intervals=0
  [ 6487/6698] WYK-25-VE      success  LAS=1 (0.22 MB) json=DSD strat_intervals=0
  [ 6488/6698] WYK-20         success  LAS=1 (0.17 MB) json=DSD strat_intervals=0
  [ 6489/6698] WYK-23         success  LAS=1 (0.25 MB) json=DSD strat_intervals=0
  [ 6490/6698] WYK-21         success  LAS=1 (0.38 MB) json=DSD strat_intervals=0
  [ 6491/6698] WYK-26         success  LAS=1 (0.14 MB) json=DSD strat_intervals=0
  [ 6492/6698] WYK-27         success  LAS=1 (0.02 MB) json=DSD strat_intervals=0
  [ 6494/6698] WYK-28         success  LAS=1 (0.01 MB) json=DSD strat_intervals=0
  [ 6498/6698] WYK-30         success  LAS=1 (0.12 MB) json=DSD strat_intervals=0
  [ 6499/6698] WYK-29         success  LAS=1 (0.24 MB) json=DSD strat_intervals=0
  [ 6500/6698] progress
  [ 6511/6698] ZBR-01         success  LAS=1 (0.35 MB) json=DSD strat_intervals=0
  [ 6512/6698] ZDW-A-04       success  LAS=1 (0.27 MB) json=DSD strat_intervals=0
  [ 6514/6698] ZDW-A-03       success  LAS=1 (1.30 MB) json=DSD strat_intervals=0
  [ 6518/6698] WYK-18         success  LAS=9 (1.76 MB) json=DSD strat_intervals=0
  [ 6519/6698] ZDW-A-01-S1    success  LAS=1 (2.72 MB) json=DSD strat_intervals=0
  [ 6520/6698] ZDW-A-05       success  LAS=1 (0.65 MB) json=DSD strat_intervals=0
  [ 6521/6698] ZDW-A-02       success  LAS=1 (2.34 MB) json=DSD strat_intervals=0
  [ 6523/6698] ZDW-02         success  LAS=2 (4.38 MB) json=DSD strat_intervals=0
  [ 6525/6698] ZDW-A-07       success  LAS=1 (0.72 MB) json=DSD strat_intervals=0
  [ 6526/6698] ZDW-01         success  LAS=3 (5.65 MB) json=DSD strat_intervals=0
  [ 6527/6698] ZDW-03         success  LAS=3 (3.33 MB) json=DSD strat_intervals=0
  [ 6528/6698] ZDW-A-08       success  LAS=1 (0.77 MB) json=DSD strat_intervals=0
  [ 6529/6698] ZDW-A-06       success  LAS=1 (0.54 MB) json=DSD strat_intervals=0
  [ 6530/6698] ZEW-01         success  LAS=1 (0.39 MB) json=DSD strat_intervals=0
  [ 6531/6698] ZDW-A-09       success  LAS=2 (6.48 MB) json=DSD strat_intervals=0
  [ 6536/6698] ZLN-01         success  LAS=1 (0.40 MB) json=DSD strat_intervals=0
  [ 6537/6698] ZLV-01         success  LAS=1 (0.42 MB) json=DSD strat_intervals=0
  [ 6538/6698] ZLV-04-S1      success  LAS=1 (0.41 MB) json=DSD strat_intervals=0
  [ 6540/6698] ZLV-06         success  LAS=1 (3.25 MB) json=DSD strat_intervals=0
  [ 6550/6698] progress
  [ 6568/6698] ZND-04         success  LAS=1 (1.90 MB) json=DSD strat_intervals=0
  [ 6573/6698] ZOM-12-S1      success  LAS=1 (0.04 MB) json=DSD strat_intervals=0
  [ 6574/6698] ZOM-13         success  LAS=1 (0.02 MB) json=DSD strat_intervals=0
  [ 6575/6698] ZOM-14-S1      success  LAS=1 (0.04 MB) json=DSD strat_intervals=0
  [ 6576/6698] ZOM-15         success  LAS=1 (0.02 MB) json=DSD strat_intervals=0
  [ 6580/6698] ZND-01         success  LAS=3 (4.51 MB) json=DSD strat_intervals=0
  [ 6584/6698] ZOM-16-S1      success  LAS=1 (0.08 MB) json=DSD strat_intervals=0
  [ 6585/6698] ZOM-16         success  LAS=1 (0.16 MB) json=DSD strat_intervals=0
  [ 6591/6698] ZOM-18         success  LAS=1 (0.03 MB) json=DSD strat_intervals=0
  [ 6596/6698] ZOM-21-S2      success  LAS=1 (0.14 MB) json=DSD strat_intervals=0
  [ 6599/6698] ZOM-23         success  LAS=1 (0.13 MB) json=DSD strat_intervals=0
  [ 6600/6698] ZOM-26         success  LAS=1 (0.12 MB) json=DSD strat_intervals=0
  [ 6602/6698] ZOM-27         success  LAS=1 (0.06 MB) json=DSD strat_intervals=0
  [ 6604/6698] ZOM-28         success  LAS=1 (0.06 MB) json=DSD strat_intervals=0
  [ 6605/6698] ZOM-31         success  LAS=1 (0.04 MB) json=DSD strat_intervals=0
  [ 6607/6698] ZOM-30         success  LAS=1 (0.09 MB) json=DSD strat_intervals=0
  [ 6608/6698] ZOM-29         success  LAS=1 (0.04 MB) json=DSD strat_intervals=0
  [ 6611/6698] ZOM-32         success  LAS=1 (0.05 MB) json=DSD strat_intervals=0
  [ 6613/6698] ZOM-34         success  LAS=1 (0.07 MB) json=DSD strat_intervals=0
  [ 6616/6698] ZOM-33         success  LAS=1 (0.04 MB) json=DSD strat_intervals=0
  [ 6626/6698] ZSRM-01        success  LAS=1 (0.65 MB) json=DSD strat_intervals=0
  [ 6628/6698] ZRP-01         success  LAS=2 (2.42 MB) json=DSD strat_intervals=0
  [ 6630/6698] ZVB-GT-01      success  LAS=1 (0.70 MB) json=DSD strat_intervals=0
  [ 6631/6698] ZUW-02         success  LAS=1 (1.54 MB) json=DSD strat_intervals=0
  [ 6632/6698] ZUR-01         success  LAS=3 (1.00 MB) json=DSD strat_intervals=0
  [ 6637/6698] ZVB-GT-01-S2   success  LAS=1 (0.33 MB) json=DSD strat_intervals=0
  [ 6638/6698] ZVB-GT-02-S1   success  LAS=1 (0.34 MB) json=DSD strat_intervals=0
  [ 6640/6698] ZVH-02         success  LAS=1 (2.92 MB) json=DSD strat_intervals=0
  [ 6642/6698] ZPD-01         success  LAS=1 (0.42 MB) json=DSD strat_intervals=0
  [ 6650/6698] progress
  [ 6652/6698] ZWD-01         success  LAS=1 (0.43 MB) json=DSD strat_intervals=0
  [ 6655/6698] ZVH-01-S1      success  LAS=2 (5.70 MB) json=DSD strat_intervals=0
  [ 6656/6698] ZWA-01         success  LAS=3 (2.58 MB) json=DSD strat_intervals=0
  [ 6668/6698] ZVN-01         success  LAS=1 (0.39 MB) json=DSD strat_intervals=0
  [ 6695/6698] ZWD-KNZ-09     success  LAS=1 (0.09 MB) json=DSD strat_intervals=0
  [ 6696/6698] ZWE-03         success  LAS=2 (0.80 MB) json=DSD strat_intervals=0
  [ 6697/6698] ZWO-01         success  LAS=1 (0.10 MB) json=DSD strat_intervals=0
=== SCRAPE DONE 2026-05-10T12:00:31+02:00 ===
=== PULL_DATA START 2026-05-10T12:00:31+02:00 ===
/home/ls-win/miniconda3/envs/venv_rl/lib/python3.13/site-packages/openpyxl/styles/stylesheet.py:237: UserWarning: Workbook contains no default style, apply openpyxl's default
  warn("Workbook contains no default style, apply openpyxl's default")

Loading boreholes.xlsx metadata ...
  loaded boreholes.xlsx: 6698 rows, 61 cols
  indexed 6698 unique wells (21430 with aliases)
Pulling LILY ...
  rhob      :    26,450 rows (from 26,476)
  ngr_cps   :   821,564 rows (from 822,161)
  vp_m_s    :    23,384 rows (from 28,445)
  msus_si   :     1,342 rows (from 1,745)

Pulling NLOG (walks every LAS) ...
  NLOG: 200/6680   rows so far = 303,904
  NLOG: 400/6680   rows so far = 623,389
  NLOG: 600/6680   rows so far = 821,834
  NLOG: 800/6680   rows so far = 936,840
  NLOG: 1000/6680   rows so far = 1,258,079
  NLOG: 1200/6680   rows so far = 1,802,520
  NLOG: 1400/6680   rows so far = 2,354,156
  NLOG: 1600/6680   rows so far = 2,485,295
  NLOG: 1800/6680   rows so far = 3,035,587
  NLOG: 2000/6680   rows so far = 3,351,674
  NLOG: 2200/6680   rows so far = 3,595,829
  NLOG: 2400/6680   rows so far = 4,007,365
  NLOG: 2600/6680   rows so far = 4,546,380
  NLOG: 2800/6680   rows so far = 4,942,921
  NLOG: 3000/6680   rows so far = 5,159,359
  NLOG: 3200/6680   rows so far = 5,483,963
  NLOG: 3400/6680   rows so far = 5,777,651
  NLOG: 3600/6680   rows so far = 6,104,793
  NLOG: 3800/6680   rows so far = 6,359,499
  NLOG: 4000/6680   rows so far = 6,553,377
  NLOG: 4200/6680   rows so far = 6,861,665
  NLOG: 4400/6680   rows so far = 6,940,073
  NLOG: 4600/6680   rows so far = 6,940,073
  NLOG: 4800/6680   rows so far = 6,941,221
  NLOG: 5000/6680   rows so far = 6,941,221
  NLOG: 5200/6680   rows so far = 6,981,748
  NLOG: 5400/6680   rows so far = 7,133,484
  NLOG: 5600/6680   rows so far = 7,224,171
  NLOG: 5800/6680   rows so far = 7,224,171
  NLOG: 6000/6680   rows so far = 7,224,171
  NLOG: 6200/6680   rows so far = 7,300,541
  NLOG: 6400/6680   rows so far = 7,569,351
  NLOG: 6600/6680   rows so far = 7,674,564

Tier-2 sanity checks on 8,583,228 pooled rows ...

→ wrote data/clean/samples.parquet  (8,504,443 rows, 84.6 MB)

→ report written to data/clean/pull_report.txt
→ done. outputs in data/clean/
=== PULL_DATA DONE 2026-05-10T12:08:35+02:00 ===
=== SAVE_DISTRIBUTIONS START 2026-05-10T12:08:35+02:00 ===

[1/3] fitting DistributionBank ...
Fitting distributions over 19 rock types, 15 depth bins, 6 variables
  anhydrite          0-400  m  n=   120  vars_corr=2  (0.0s)
  anhydrite        400-800  m  n=   120  vars_corr=4  (0.0s)
  anhydrite        800-1200 m  n=  1441  vars_corr=5  (0.0s)
  anhydrite       1200-1600 m  n=  3380  vars_corr=6  (0.0s)
  anhydrite       1600-2000 m  n=  7484  vars_corr=6  (0.0s)
  anhydrite       2000-2400 m  n= 15212  vars_corr=5  (0.0s)
  anhydrite       2400-2800 m  n= 24927  vars_corr=6  (0.0s)
  anhydrite       2800-3200 m  n= 28135  vars_corr=6  (0.0s)
  anhydrite       3200-3600 m  n= 22493  vars_corr=6  (0.0s)
  anhydrite       3600-4000 m  n= 12393  vars_corr=6  (0.0s)
  anhydrite       4000-4400 m  n=  4059  vars_corr=6  (0.0s)
  anhydrite       4400-4800 m  n=  1622  vars_corr=4  (0.0s)
  anhydrite       4800-5200 m  n=   312  vars_corr=4  (0.0s)
  anhydrite       5200-5600 m  n=   178  vars_corr=3  (0.0s)
  anhydrite       5600-6000 m  n=   400  vars_corr=2  (0.0s)
  basalt             0-400  m  n=   169  vars_corr=0  (0.0s)
  basalt           400-800  m  n=    96  vars_corr=0  (0.0s)
  chalk              0-400  m  n=  2972  vars_corr=4  (0.0s)
  chalk            400-800  m  n= 25507  vars_corr=6  (0.0s)
  chalk            800-1200 m  n=108009  vars_corr=6  (0.1s)
  chalk           1200-1600 m  n=174903  vars_corr=6  (0.1s)
  chalk           1600-2000 m  n=177008  vars_corr=6  (0.1s)
  chalk           2000-2400 m  n=108963  vars_corr=6  (0.2s)
  chalk           2400-2800 m  n= 55895  vars_corr=6  (0.1s)
  chalk           2800-3200 m  n= 16848  vars_corr=5  (0.0s)
  chalk           3200-3600 m  n=  3515  vars_corr=5  (0.0s)
  chalk           3600-4000 m  n=   961  vars_corr=4  (0.0s)
  chalk           4000-4400 m  n=   339  vars_corr=0  (0.0s)
  chalk           4400-4800 m  n=   332  vars_corr=0  (0.0s)
  chalk           4800-5200 m  n=    36  vars_corr=0  (0.0s)
  clay               0-400  m  n=156636  vars_corr=6  (0.1s)
  clay             400-800  m  n=221496  vars_corr=6  (0.1s)
  clay             800-1200 m  n=149102  vars_corr=6  (0.1s)
  clay            1200-1600 m  n= 74220  vars_corr=6  (0.1s)
  clay            1600-2000 m  n= 15991  vars_corr=6  (0.0s)
  clay            2000-2400 m  n=  1250  vars_corr=5  (0.0s)
  clay            2400-2800 m  n=   388  vars_corr=4  (0.0s)
  claystone          0-400  m  n=  1266  vars_corr=4  (0.0s)
  claystone        400-800  m  n=  2428  vars_corr=5  (0.0s)
  claystone        800-1200 m  n= 19649  vars_corr=6  (0.0s)
  claystone       1200-1600 m  n= 43480  vars_corr=6  (0.1s)
  claystone       1600-2000 m  n= 67386  vars_corr=6  (0.1s)
  claystone       2000-2400 m  n= 65727  vars_corr=6  (0.1s)
  claystone       2400-2800 m  n= 54742  vars_corr=6  (0.1s)
  claystone       2800-3200 m  n= 42817  vars_corr=6  (0.0s)
  claystone       3200-3600 m  n= 23039  vars_corr=6  (0.0s)
  claystone       3600-4000 m  n= 16285  vars_corr=6  (0.1s)
  claystone       4000-4400 m  n= 12110  vars_corr=6  (0.0s)
  claystone       4400-4800 m  n=  4850  vars_corr=6  (0.0s)
  claystone       4800-5200 m  n=  1866  vars_corr=6  (0.0s)
  claystone       5200-5600 m  n=   279  vars_corr=5  (0.0s)
  claystone       5600-6000 m  n=   141  vars_corr=5  (0.0s)
  claystone_cool   400-800  m  n= 12447  vars_corr=6  (0.0s)
  claystone_cool   800-1200 m  n= 29781  vars_corr=6  (0.1s)
  claystone_cool  1200-1600 m  n= 44606  vars_corr=6  (0.1s)
  claystone_cool  1600-2000 m  n= 44144  vars_corr=6  (0.1s)
  claystone_cool  2000-2400 m  n= 28447  vars_corr=6  (0.1s)
  claystone_cool  2400-2800 m  n= 22068  vars_corr=6  (0.0s)
  claystone_cool  2800-3200 m  n= 16137  vars_corr=6  (0.0s)
  claystone_cool  3200-3600 m  n=  4760  vars_corr=5  (0.0s)
  claystone_cool  3600-4000 m  n=  1169  vars_corr=5  (0.0s)
  claystone_cool  4000-4400 m  n=   414  vars_corr=5  (0.0s)
  claystone_cool  4800-5200 m  n=   129  vars_corr=0  (0.0s)
  claystone_hot      0-400  m  n=    45  vars_corr=0  (0.0s)
  claystone_hot    400-800  m  n=  1083  vars_corr=4  (0.0s)
  claystone_hot    800-1200 m  n=  8411  vars_corr=5  (0.0s)
  claystone_hot   1200-1600 m  n= 20783  vars_corr=6  (0.0s)
  claystone_hot   1600-2000 m  n= 41235  vars_corr=6  (0.0s)
  claystone_hot   2000-2400 m  n= 53259  vars_corr=6  (0.1s)
  claystone_hot   2400-2800 m  n= 45176  vars_corr=6  (0.0s)
  claystone_hot   2800-3200 m  n= 38215  vars_corr=6  (0.1s)
  claystone_hot   3200-3600 m  n= 52183  vars_corr=6  (0.1s)
  claystone_hot   3600-4000 m  n= 48620  vars_corr=6  (0.1s)
  claystone_hot   4000-4400 m  n= 25622  vars_corr=6  (0.1s)
  claystone_hot   4400-4800 m  n=  9557  vars_corr=6  (0.0s)
  claystone_hot   4800-5200 m  n=  3777  vars_corr=6  (0.0s)
  claystone_hot   5200-5600 m  n=  1388  vars_corr=5  (0.0s)
  claystone_hot   5600-6000 m  n=   395  vars_corr=4  (0.0s)
  diatom_ooze        0-400  m  n=  1136  vars_corr=2  (0.0s)
  diatom_ooze      400-800  m  n=    80  vars_corr=0  (0.0s)
  dolomite           0-400  m  n=   371  vars_corr=3  (0.0s)
  dolomite         400-800  m  n=   375  vars_corr=3  (0.0s)
  dolomite         800-1200 m  n=  1236  vars_corr=5  (0.0s)
  dolomite        1200-1600 m  n=  7628  vars_corr=6  (0.0s)
  dolomite        1600-2000 m  n= 13786  vars_corr=6  (0.0s)
  dolomite        2000-2400 m  n= 16579  vars_corr=6  (0.0s)
  dolomite        2400-2800 m  n= 17418  vars_corr=6  (0.0s)
  dolomite        2800-3200 m  n= 13743  vars_corr=6  (0.0s)
  dolomite        3200-3600 m  n= 10250  vars_corr=6  (0.0s)
  dolomite        3600-4000 m  n=  5614  vars_corr=6  (0.0s)
  dolomite        4000-4400 m  n=  1860  vars_corr=6  (0.0s)
  dolomite        4400-4800 m  n=   590  vars_corr=6  (0.0s)
  dolomite        4800-5200 m  n=   129  vars_corr=4  (0.0s)
  dolomite        5200-5600 m  n=    60  vars_corr=3  (0.0s)
  halite             0-400  m  n=   370  vars_corr=0  (0.0s)
  halite           400-800  m  n=   129  vars_corr=2  (0.0s)
  halite           800-1200 m  n=   135  vars_corr=2  (0.0s)
  halite          1200-1600 m  n=   170  vars_corr=2  (0.0s)
  halite          1600-2000 m  n=    73  vars_corr=0  (0.0s)
  halite_pure      400-800  m  n=   162  vars_corr=3  (0.0s)
  halite_pure      800-1200 m  n=   592  vars_corr=4  (0.0s)
  halite_pure     1200-1600 m  n=  1164  vars_corr=4  (0.0s)
  halite_pure     1600-2000 m  n=  5499  vars_corr=5  (0.0s)
  halite_pure     2000-2400 m  n= 30718  vars_corr=5  (0.1s)
  halite_pure     2400-2800 m  n= 46092  vars_corr=6  (0.1s)
  halite_pure     2800-3200 m  n= 45961  vars_corr=6  (0.1s)
  halite_pure     3200-3600 m  n= 28192  vars_corr=6  (0.1s)
  halite_pure     3600-4000 m  n= 11278  vars_corr=5  (0.0s)
  halite_pure     4000-4400 m  n=  4678  vars_corr=5  (0.0s)
  halite_pure     4400-4800 m  n=  1616  vars_corr=4  (0.0s)
  halite_pure     4800-5200 m  n=  1001  vars_corr=4  (0.0s)
  halite_pure     5200-5600 m  n=   327  vars_corr=3  (0.0s)
  limestone          0-400  m  n=  1456  vars_corr=2  (0.0s)
  limestone        400-800  m  n=   710  vars_corr=2  (0.0s)
  limestone        800-1200 m  n=   242  vars_corr=2  (0.0s)
  mudstone           0-400  m  n=  3382  vars_corr=2  (0.0s)
  mudstone         400-800  m  n=  1197  vars_corr=2  (0.0s)
  mudstone         800-1200 m  n=   444  vars_corr=2  (0.0s)
  mudstone        1200-1600 m  n=   169  vars_corr=2  (0.0s)
  nanno_ooze         0-400  m  n=  7915  vars_corr=2  (0.0s)
  nanno_ooze       400-800  m  n=    82  vars_corr=0  (0.0s)
  other              0-400  m  n=  3911  vars_corr=3  (0.0s)
  other            400-800  m  n=   784  vars_corr=3  (0.0s)
  other            800-1200 m  n=  1245  vars_corr=4  (0.0s)
  other           1200-1600 m  n=  1843  vars_corr=5  (0.0s)
  other           1600-2000 m  n=  6714  vars_corr=6  (0.0s)
  other           2000-2400 m  n= 12436  vars_corr=6  (0.0s)
  other           2400-2800 m  n= 12825  vars_corr=6  (0.0s)
  other           2800-3200 m  n= 16550  vars_corr=6  (0.0s)
  other           3200-3600 m  n= 19904  vars_corr=6  (0.0s)
  other           3600-4000 m  n= 11583  vars_corr=6  (0.0s)
  other           4000-4400 m  n=  3950  vars_corr=6  (0.0s)
  other           4400-4800 m  n=  2185  vars_corr=6  (0.0s)
  other           4800-5200 m  n=   791  vars_corr=4  (0.0s)
  other           5200-5600 m  n=   171  vars_corr=3  (0.0s)
  other           5600-6000 m  n=    49  vars_corr=0  (0.0s)
  sandstone          0-400  m  n=  1938  vars_corr=2  (0.0s)
  sandstone        400-800  m  n=  1564  vars_corr=2  (0.0s)
  sandstone        800-1200 m  n=   613  vars_corr=2  (0.0s)
  sandstone       1200-1600 m  n=   475  vars_corr=5  (0.0s)
  sandstone       2000-2400 m  n=   564  vars_corr=6  (0.0s)
  sandstone       2400-2800 m  n=   385  vars_corr=0  (0.0s)
  sandstone       2800-3200 m  n=   390  vars_corr=2  (0.0s)
  sandstone       3200-3600 m  n=   208  vars_corr=4  (0.0s)
  sandstone       3600-4000 m  n=    60  vars_corr=0  (0.0s)
  sandstone       4000-4400 m  n=   151  vars_corr=0  (0.0s)
  sandstone       4800-5200 m  n=    59  vars_corr=0  (0.0s)
  sandstone_clean  1200-1600 m  n=   310  vars_corr=5  (0.0s)
  sandstone_clean  1600-2000 m  n=  2575  vars_corr=6  (0.0s)
  sandstone_clean  2000-2400 m  n=  7915  vars_corr=6  (0.0s)
  sandstone_clean  2400-2800 m  n= 12124  vars_corr=6  (0.0s)
  sandstone_clean  2800-3200 m  n= 17328  vars_corr=6  (0.0s)
  sandstone_clean  3200-3600 m  n= 16794  vars_corr=6  (0.0s)
  sandstone_clean  3600-4000 m  n= 20834  vars_corr=6  (0.1s)
  sandstone_clean  4000-4400 m  n= 12307  vars_corr=6  (0.0s)
  sandstone_clean  4400-4800 m  n=  3487  vars_corr=6  (0.0s)
  sandstone_clean  4800-5200 m  n=  1314  vars_corr=6  (0.0s)
  sandstone_clean  5200-5600 m  n=  1102  vars_corr=5  (0.0s)
  sandstone_clean  5600-6000 m  n=   814  vars_corr=5  (0.0s)
  sandstone_shaly     0-400  m  n=    40  vars_corr=0  (0.0s)
  sandstone_shaly   400-800  m  n=   528  vars_corr=3  (0.0s)
  sandstone_shaly   800-1200 m  n= 10298  vars_corr=5  (0.0s)
  sandstone_shaly  1200-1600 m  n=  9807  vars_corr=6  (0.0s)
  sandstone_shaly  1600-2000 m  n= 18425  vars_corr=6  (0.1s)
  sandstone_shaly  2000-2400 m  n= 21180  vars_corr=6  (0.1s)
  sandstone_shaly  2400-2800 m  n= 18871  vars_corr=6  (0.1s)
  sandstone_shaly  2800-3200 m  n= 15040  vars_corr=6  (0.0s)
  sandstone_shaly  3200-3600 m  n= 10645  vars_corr=6  (0.0s)
  sandstone_shaly  3600-4000 m  n=  4938  vars_corr=5  (0.0s)
  sandstone_shaly  4000-4400 m  n=  3233  vars_corr=6  (0.0s)
  sandstone_shaly  4400-4800 m  n=   958  vars_corr=6  (0.0s)
  sandstone_shaly  4800-5200 m  n=   365  vars_corr=6  (0.0s)
  sandstone_shaly  5200-5600 m  n=   181  vars_corr=4  (0.0s)
  siltstone          0-400  m  n=   537  vars_corr=2  (0.0s)
  siltstone        400-800  m  n=   623  vars_corr=2  (0.0s)
  siltstone        800-1200 m  n=   241  vars_corr=2  (0.0s)
  siltstone       1200-1600 m  n=    50  vars_corr=0  (0.0s)

fitted 177 cells in 8s
Saved DistributionBank to data/clean/distributions.pkl

[2/3] fitting DiscoveryPrior ...
DiscoveryPrior: 302 positive wells, 688,758 rows, 19 rock types, 15 depth bins
Saved DiscoveryPrior to data/clean/discovery_prior.pkl

[3/3] fitting FormationGeometry ...
FormationGeometry: combinations fit from [4000, 4500]m → 197 wells
  kept 139 wells, dropped 58 (no surface formation)
  unique combinations: 51

  per-formation depth + facies fit from full NLOG corpus: 1,537 wells
  NU    n= 707  top P5/50/95=[   10,   144,   552]m  thk med=  414m  compositions=707
  NM    n= 599  top P5/50/95=[  271,   671,  1212]m  thk med=   60m  compositions=599
  NL    n= 728  top P5/50/95=[  336,   721,  1356]m  thk med=  393m  compositions=728
  CK    n=1044  top P5/50/95=[  532,  1138,  1890]m  thk med=  662m  compositions=1044
  KN    n=1145  top P5/50/95=[  670,  1784,  2920]m  thk med=  227m  compositions=1145
  SL    n= 320  top P5/50/95=[ 1028,  1950,  2896]m  thk med=  180m  compositions=320
  SG    n= 119  top P5/50/95=[ 1733,  2476,  3155]m  thk med=  149m  compositions=119
  AT    n= 319  top P5/50/95=[  921,  1945,  3126]m  thk med=  199m  compositions=319
  RN    n= 482  top P5/50/95=[ 1188,  2200,  3339]m  thk med=  262m  compositions=482
  RB    n= 794  top P5/50/95=[ 1397,  2292,  3679]m  thk med=  267m  compositions=794
  ZE    n= 929  top P5/50/95=[ 1599,  2475,  3815]m  thk med=  326m  compositions=929
  RO    n= 787  top P5/50/95=[ 1977,  3274,  4248]m  thk med=  224m  compositions=787
  DC    n= 623  top P5/50/95=[ 1752,  3466,  4624]m  thk med=   63m  compositions=623
Saved FormationGeometry to data/clean/formation_geometry.pkl
           rock_type  depth_bin  n_samples  n_vars_marginal  n_vars_correlated
0          anhydrite      0-400        120                2                  2
3          anhydrite  1200-1600       3380                6                  6
4          anhydrite  1600-2000       7484                6                  6
5          anhydrite  2000-2400      15212                5                  5
6          anhydrite  2400-2800      24927                6                  6
..               ...        ...        ...              ...                ...
161  sandstone_shaly   800-1200      10298                5                  5
173        siltstone      0-400        537                2                  2
176        siltstone  1200-1600         50                1                  0
174        siltstone    400-800        623                2                  2
175        siltstone   800-1200        241                2                  2

[177 rows x 5 columns]

============================================================
DISTRIBUTION SANITY CHECK
============================================================

claystone_hot      @ bin 5 (n=53,259):
  rhob           x dt_us_ft        -0.673
  rhob           x nphi            -0.603
  rhob           x gr_api          +0.204
  nphi           x dt_us_ft        +0.792
  gr_api         x res_deep_log    +0.353

claystone_cool     @ bin 4 (n=44,144):
  rhob           x dt_us_ft        -0.434
  rhob           x nphi            -0.432
  rhob           x gr_api          -0.024
  nphi           x dt_us_ft        +0.587
  gr_api         x res_deep_log    +0.018

sandstone_clean    @ bin 6 (n=12,124):
  rhob           x dt_us_ft        -0.789
  rhob           x nphi            -0.238
  rhob           x gr_api          +0.075
  nphi           x dt_us_ft        +0.434
  gr_api         x res_deep_log    -0.132

sandstone_shaly    @ bin 5 (n=21,180):
  rhob           x dt_us_ft        -0.653
  rhob           x nphi            -0.464
  rhob           x gr_api          +0.429
  nphi           x dt_us_ft        +0.508
  gr_api         x res_deep_log    +0.421

halite_pure        @ bin 6 (n=46,092):
  rhob           x dt_us_ft        -0.352
  rhob           x nphi            -0.001
  rhob           x gr_api          -0.109
  nphi           x dt_us_ft        +0.127
  gr_api         x res_deep_log    -0.003

dolomite           @ bin 5 (n=16,579):
  rhob           x dt_us_ft        -0.707
  rhob           x nphi            -0.668
  rhob           x gr_api          -0.318
  nphi           x dt_us_ft        +0.817
  gr_api         x res_deep_log    -0.583

chalk              @ bin 4 (n=177,008):
  rhob           x dt_us_ft        -0.704
  rhob           x nphi            -0.889
  rhob           x gr_api          +0.086
  nphi           x dt_us_ft        +0.805
  gr_api         x res_deep_log    -0.023

anhydrite          @ bin 6 (n=24,927):
  rhob           x dt_us_ft        -0.741
  rhob           x nphi            +0.130
  rhob           x gr_api          +0.023
  nphi           x dt_us_ft        -0.037
  gr_api         x res_deep_log    -0.293

============================================================
DISCOVERY PRIOR SANITY CHECK
============================================================
  positive wells: 302
  positive rows : 688,758

depth_bin                top1                  top2                  top3
    0-400         clay (100%)  sandstone_shaly (0%)        siltstone (0%)
  400-800          clay (93%)            chalk (6%)   claystone_cool (1%)
 800-1200          clay (57%)           chalk (29%)   claystone_cool (6%)
1200-1600         chalk (40%)            clay (31%)       claystone (12%)
1600-2000         chalk (54%)       claystone (16%)  claystone_cool (10%)
2000-2400         chalk (44%)       claystone (20%)   claystone_hot (12%)
2400-2800         chalk (26%)       claystone (21%)   claystone_hot (14%)
2800-3200     claystone (17%)   claystone_hot (15%)     halite_pure (15%)
3200-3600 claystone_hot (28%)       anhydrite (15%)           other (12%)
3600-4000 claystone_hot (35%) sandstone_clean (18%)       claystone (12%)
4000-4400 claystone_hot (34%) sandstone_clean (19%)       claystone (17%)
4400-4800 claystone_hot (35%)       claystone (23%) sandstone_clean (16%)
4800-5200 claystone_hot (39%)       claystone (21%)           other (12%)
5200-5600 claystone_hot (57%) sandstone_clean (24%)       claystone (12%)
5600-6000 claystone_hot (48%) sandstone_clean (44%)        claystone (8%)

============================================================
FORMATION GEOMETRY SANITY CHECK
============================================================
  total NLOG wells: 139

fm  n_wells  n_compositions top_P5 top_med top_P95 thk_med                               top_facies
NU      707             707     10     144     552     414                               clay(100%)
NM      599             599    271     671    1212      60                               clay(100%)
NL      728             728    336     721    1356     393                               clay(100%)
CK     1044            1044    532    1138    1890     662                              chalk(100%)
KN     1145            1145    670    1784    2920     227      claystone(46%), claystone_cool(41%)
SL      320             320   1028    1950    2896     180      claystone_cool(61%), claystone(39%)
SG      119             119   1733    2476    3155     149       claystone(69%), claystone_hot(31%)
AT      319             319    921    1945    3126     199       claystone_hot(66%), claystone(20%)
RN      482             482   1188    2200    3339     262            claystone(54%), dolomite(40%)
RB      794             794   1397    2292    3679     267 claystone_hot(67%), sandstone_shaly(33%)
ZE      929             929   1599    2475    3815     326         halite_pure(43%), anhydrite(28%)
RO      787             787   1977    3274    4248     224 sandstone_clean(56%), claystone_hot(44%)
DC      623             623   1752    3466    4624      63       claystone_hot(59%), claystone(41%)
=== SAVE_DISTRIBUTIONS DONE 2026-05-10T12:09:17+02:00 ===
